Cliente,Fecha,Guia,Origen,Destino,Tipo,Peso,P. VENTA,No. Fact,Pago Cliente,Fecha Pago,Status
AFISA ZONA LIBRE,14/06/2019,7013141203,PANAMA,COLOMBIA,DOCUMENTO,0.5 KG,26,583,26,11/07/2019,PAGADO
AFISA ZONA LIBRE. S.A,26/06/2019,1907498902,PANAMA,GUATEMALA,DOCUMENTOS,0.5 KG,29,629,29,11/07/2019,PAGADO
AGROCAMPO PANAMA. S.A.,28/03/2019,5811398143,PANAMA,GUATEMALA,DOCUMENTO,0.5 KG,40,322,40,25/04/2019,PAGADO
ARROCHA & CO,22/10/2018,4378362181,PANAMA,URUGUAY,DOCUMENTO,0.3 KGS,41,33,41,24/10/2018,PAGADO
ARROCHA & CO,12/02/2019,2737594112,PANAMA,COSTA RICA,DOCUMENTO,0.5 KG,31,227,31,12/02/2019,PAGADO
ARROCHA & CO,19/03/2019,3797009274,PANAMA,MEXICO,DOCUMENTO,0.3 KGS,40,299,40,20/03/2019,PAGADO
ARROCHA & CO,26/03/2019,3804987152,PANAMA,COLOMBIA,DOCUMENTO,0.5 KG,31,315,31,26/03/2019,PAGADO
AUSTRALIA OWNED (PANAMA PARKING),15/11/2018,6490294786,PANAMA,CHINA,PAQUETE,2 KGS,146,69,146,16/11/2018,PAGADO
AUSTRALIA OWNED (PANAMA PARKING),13/03/2019,2239663296,PANAMA,CHINA,PAQUETE,2.85 KGS,165,281,165,15/03/2019,PAGADO
AUSTRALIA OWNED (PANAMA PARKING),26/03/2019,3805062122,PANAMA,CHINA,PAQUETE,6.5 KGS,238,317,238,02/04/2019,PAGADO
AUSTRALIA OWNED (PANAMA PARKING),02/04/2019,1026414535,PANAMA,CHINA,PAQUETE,4 KG,196,325,196,04/04/2019,PAGADO
AVILA & CO / ABOGADOS ATTORNEYS,18/12/2018,4574846791,PANAMA,DUBAI,DOCUMENTO,0.5 KGS,66,126,66,18/01/2019,PAGADO
BIENES Y RAICES PMA DE COMERCIO,06/11/2018,4159062051,PANAMA,ITALIA,DOCUMENTO,0.5 KGS,82,54,82,26/11/2018,PAGADO
BIENES Y RAICES PMA DE COMERCIO,10/12/2018,2776050701,PANAMA,ITALIA,DOCUMENTO,0.5 KGS,80,105,80,07/01/2019,PAGADO
BLACK & DECKER DE PANAMA LLC,02/05/2019,2818442830,PANAMA,HONDURAS,PAQUETE,3 .5KG ,275,426,275,09/08/2019,PAGADO
BLACK & DECKER DE PANAMA LLC,02/05/2019,8279610776,PANAMA,SANTO DOMINGO,PAQUETE,3.5 KG ,310,427,310,09/08/2019,PAGADO
BLACK & DECKER DE PANAMA LLC,09/05/2019,2548637416,PANAMA,COSTA RICA,PAQUETE,7 KG ,197,448,197,09/08/2019,PAGADO
BLACK & DECKER DE PANAMA LLC,13/05/2019,4974845890,PANAMA,GUATEMALA,PAQUETE,3 KG ,249,464,249,09/08/2019,PAGADO
BLACK & DECKER DE PANAMA LLC,17/05/2019,1560608921,PANAMA,TRINIDAD,DOCUMENTO,0.5 KG,44,482,,,PENDIENTE
BLACK & DECKER DE PANAMA LLC,17/05/2019,6501153050,PANAMA,ECUADOR,DOCUMENTO,0.5 KG,44,483,,,PENDIENTE
BLACK & DECKER DE PANAMA LLC,26/06/2019,4965482115,PANAMA,COSTA RICA,PAQUETE,2.5 KG/3 kg,151,632,151,09/08/2019,PAGADO
BLACK & DECKER DE PANAMA LLC,26/06/2019,4965482115,PANAMA,COSTA RICA,IMPUESTOS,2.5 KG/3 kg,81,761,,,PENDIENTE
BLACK & DECKER DE PANAMA LLC,28/06/2019,2133308623,PANAMA,NICARAGUA,PAQUETE,2.6 KG/3 KG,255,640,151,09/08/2019,PAGADO
BLACK & DECKER DE PANAMA LLC,28/06/2019,2133308623,PANAMA,NICARAGUA,IMPUESTOS,2.6 KG/3 KG,104,761,,,PENDIENTE
BLACK & DECKER DE PANAMA LLC,09/08/2019,VARIAS GUIAS / IMP,PANAMA,VARIOS,IMPUESTOS,,544,761,,,PENDIENTE
BLACK & DECKER DE PANAMA LLC,24/06/2019,9401667870,PANAMA,GUATEMALA,PAQUETE,5.0 KG,179,621,179,09/08/2019,PAGADO
BLACK & DECKER DE PANAMA LLC,24/06/2019,9401667870,PANAMA,GUATEMALA,IMPUESTOS,5.0 KG,128,761,,,PENDIENTE
BLACK & DECKER DE PANAMA LLC,24/06/2019,9401671635,PANAMA,GUATEMALA,PAQUETE,2.5 KG/3 kg,151,622,151,09/08/2019,PAGADO
BLACK & DECKER DE PANAMA LLC,24/06/2019,9401671635,PANAMA,GUATEMALA,IMPUESTOS,2.5 KG/3 kg,69,761,,,PENDIENTE
BLACK & DECKER DE PANAMA LLC,24/06/2019,2540070610,PANAMA,COSTA RICA,PAQUETE,2.5 KG/3 kg,151,623,151,09/08/2019,PAGADO
BLACK & DECKER DE PANAMA LLC,24/06/2019,2540070610,PANAMA,COSTA RICA,IMPUESTOS,2.5 KG/3 kg,79,761,,,PENDIENTE
BLACK & DECKER DE PANAMA LLC,25/06/2019,9684107451,PANAMA,PUERTO RICO,PAQUETE,2.5 KG/3 kg,174,627,174,09/08/2019,PAGADO
BLACK & DECKER DE PANAMA LLC,07/06/2019,5106656240,PANAMA,C.RICA,PAQUETE,3.5KG ,154,554,154,09/08/2019,PAGADO
BLACK & DECKER DE PANAMA LLC,07/06/2019,5106656240,PANAMA,C.RICA,IMPUESTOS,3.5KG ,82,761,,,PENDIENTE
BLACK & DECKER DE PANAMA LLC,07/06/2019,7433243123,PANAMA,P.RICO,PAQUETE,7 KG ,226,557,226,09/08/2019,PAGADO
BLACK & DECKER DE PANAMA LLC,07/06/2019,5106742620,PANAMA,P.RICO,PAQUETE,3.5 KG ,181,558,181,09/08/2019,PAGADO
BM Y ASOCIADOS,17/05/2019,1560674802,PANAMA,PERU,PAQUETE,2 KG ,117,485,117,24/05/2019,PAGADO
BROCE PINILLA Y ASOCIADOS,11/06/2019,2173092191,PANAMA,MEXICO,DOCUMENTO,0.5 KG ,42,563,42,10/07/2019,PAGADO
BROCE PINILLA Y ASOCIADOS,11/06/2019,2164518005,PANAMA,DUBAI,DOCUMENTO,0.5 KG ,81,564,81,10/07/2019,PAGADO
BROCE PINILLA Y ASOCIADOS,28/06/2019,4377191442,PANAMA,DUBAI,DOCUMENTOS,0.5 KG,74,639,74,10/07/2019,PAGADO
BROCE PINILLA Y ASOCIADOS,15/07/2019,2129497440,PANAMA,DUBAI,DOCUMENTOS,0.5 KG,81,691,81,26/07/2019,PAGADO
BROCE PINILLA Y ASOCIADOS,19/07/2019,9750721621,PANAMA,COSTA RICA,DOCUMENTOS,0.5 KG,32,707,32,26/07/2019,PAGADO
BROCE PINILLA Y ASOCIADOS,13/08/2019,3146746960,PANAMA,NICARAGUA,DOCUMENTOS,0.5 KG,31,798,,,PENDIENTE
BROCE PINILLA Y ASOCIADOS,13/12/2018,5536769685,PANAMA,COSTA RICA,DOCUMENTO,0.5 KGS,28,116,28,14/12/2018,PAGADO
BROCE PINILLA Y ASOCIADOS,17/12/2018,7113479715,PANAMA,ALEMANIA,DOCUMENTO,0.5 KGS,49,123,49,26/12/2018,PAGADO
BROCE PINILLA Y ASOCIADOS,08/01/2019,8992954331,PANAMA,MEXICO,DOCUMENTO,0.5 KGS,42,152,42,10/01/2019,PAGADO
BROCE PINILLA Y ASOCIADOS,22/01/2019,DIF TARIFA FLETE,,,,,13,172,13,16/01/2019,PAGADO
BROCE PINILLA Y ASOCIADOS,30/01/2019,7393565443,PANAMA,COSTA RICA,DOCUMENTO,0.5 KGS,31,204,31,12/02/2019,PAGADO
BROCE PINILLA Y ASOCIADOS,01/02/2019,4051391363,PANAMA,DUBAI,DOCUMENTO,0.5 KG,81,210,81,12/02/2019,PAGADO
BROCE PINILLA Y ASOCIADOS,22/02/2019,9233913813,PANAMA,DUBAI,DOCUMENTO,0.5 KG,79,255,79,08/03/2019,PAGADO
BROCE PINILLA Y ASOCIADOS,25/02/2019,3072859871,PANAMA,SINGAPORE,DOCUMENTO,0.5 KG,57,261,57,08/03/2019,PAGADO
BROCE PINILLA Y ASOCIADOS,09/04/2019,9772544202,PANAMA,MEXICO,DOCUMENTO,2 KG,105,345,105,26/04/2019,PAGADO
BROCE PINILLA Y ASOCIADOS,17/04/2019,9781466741,PANAMA,DUBAI,DOCUMENTO,0.5 KG,80,370,80,13/05/2019,PAGADO
BROCE PINILLA Y ASOCIADOS,22/04/2019,7964436034,PANAMA,MEXICO,DOCUMENTO,0.5 KG ,42,386,42,07/06/2019,PAGADO
BROCE PINILLA Y ASOCIADOS,10/05/2019,6777225534,PANAMA,MEXICO,DOCUMENTO,0.5 KG ,35,457,42,06/07/2019,PAGADO
BROCE PINILLA Y ASOCIADOS,14/05/2019,3320759960,PANAMA,MEXICO,DOCUMENTO,0.5 KG ,42,465,42,06/07/2019,PAGADO
BROCE PINILLA Y ASOCIADOS,24/05/2019,1636698280,PANAMA,DUBAI,DOCUMENTO,1 KG ,104,508,104,06/07/2019,PAGADO
CARIBANA LINE (ODIL BACCHUS),28/05/2019,4296325740,PANAMA,ESPA헤,DOCUMENTO,0.5 KG ,54,512,54,04/06/2019,PAGADO
CARIBANA LINE (ODIL BACCHUS),19/06/2019,4477780705,PANAMA,ESPA헤,DOCUMENTO,0.5 KG ,55,605,55,26/06/2019,PAGADO
CARIBANA LINE (ODIL BACCHUS),19/11/2018,7369170771,PANAMA,ESPA헤,DOCUMENTO,0.5 KGS,53,76,53,26/11/2018,PAGADO
CARIBANA LINE (ODIL BACCHUS),28/02/2019,4612062792,PANAMA,ESPA헤,DOCUMENTO,1 KG,67,258,67,01/03/2019,PAGADO
CARIBANA LINE (ODIL BACCHUS),12/04/2019,6557535832,PANAMA,ESPA헤,DOCUMENTO,0.5 KG,55,340,55,29/04/2019,PAGADO
CARIBANA LINE (ODIL BACCHUS),26/04/2019,RO240433,PANAMA,CUBA,PAQUETE,1 KG,73,406,73,29/04/2019,PAGADO
CENTRAL DE LUBICANTES (BREMEN),03/01/2019,7187204356,PANAMA,JAPON,DOCUMENTO,0.5 KGS,58,143,58,06/02/2019,PAGADO
CENTRAL DE LUBICANTES (BREMEN),03/01/2019,7187209326,PANAMA,COSTA RICA,DOCUMENTO,0.5 KGS,31,144,31,06/02/2019,PAGADO
CENTRAL DE LUBICANTES (BREMEN),17/01/2019,5396688581,PANAMA,COSTA RICA,DOCUMENTO,0.5 KG,30,164,30,06/02/2019,PAGADO
CENTRAL DE LUBICANTES (BREMEN),26/02/2019,1360374713,PANAMA,SOUTH KOREA,DOCUMENTO,0.5 KG,57,267,57,18/03/2019,PAGADO
CENTROLUM PANAMA. S.A.,23/04/2019,2175605014,CHINA,PANAMA,PAQUETE,9 KG,290,379,290,14/05/2019,PAGADO
CENTROLUM PANAMA. S.A.,22/05/2019,1636550624,COLOMBIA,PANAMA,PAQUETE,27.5 KG ,403,497,403,04/06/2019,PAGADO
CESA DE PANAMA. S.A / PANAGLOBAL,10/12/2018,1922050200,PANAMA,NICARAGUA,DOCUMENTO,0.5 KGS,154,107,154,15/01/2019,PAGADO
CHINDO INTERNACIONAL,18/10/2018,2223912386,COLON FREE ZONE,PERU,DOCUMENTO,0.5 KGS,41,27,41,27/11/2018,PAGADO
CHINDO INTERNACIONAL,18/10/2018,4537863540,COLON FREE ZONE,BELGICA,DOCUMENTO,0.3 KGS,53,29,53,27/11/2018,PAGADO
CHINDO INTERNACIONAL,09/11/2018,1241084456,COLON FREE ZONE,BELGICA,DOCUMENTO,0.5 KGS,53,55,53,19/12/2018,PAGADO
CHINDO INTERNACIONAL,11/12/2018,4137839101,COLON FREE ZONE,ALEMANIA,PAQUETE,0.5 KGS,43,60,43,19/12/2018,PAGADO
CHINDO INTERNACIONAL,03/12/2018,3716309052,COLON FREE ZONE,PERU,DOCUMENTO,0.5 KGS,41,97,41,19/12/2018,PAGADO
COLUMBUS UNIVERSITY,04/06/2019,8450729910,PANAMA,USA ,DOCUMENTO,0.5 KG ,38,545,38,03/07/2019,PAGADO
COLUMBUS UNIVERSITY,30/10/2018,2080353612,PANAMA,BELGICA,DOCUMENTO,0.5 KGS,49,46,49,07/11/2018,PAGADO
COLUMBUS UNIVERSITY,15/11/2018,6490303142,PANAMA,ESPA헤,DOCUMENTO,0.5 KGS,53,70,53,,PENDIENTE
COLUMBUS UNIVERSITY,01/12/2018,7178784410,PANAMA,UNITED KINDOM,DOCUMENTO,0.5 KGS,53,94,53,11/12/2018,PAGADO
COLUMBUS UNIVERSITY,01/12/2018,6431612342,PANAMA,ECUADOR,DOCUMENTO,0.5 KGS,41,95,41,11/12/2018,PAGADO
COLUMBUS UNIVERSITY,05/12/2018,6769453810,PANAMA,ORLANDO / USA,DOCUMENTO,0.5 KGS,37,101,37,11/12/2018,PAGADO
COLUMBUS UNIVERSITY,12/02/2019,4909248632,PANAMA,VENEZUELA,DOCUMENTO,0.5 KG,41,230,41,21/02/2019,PAGADO
COLUMBUS UNIVERSITY,09/05/2019,2548751365,PANAMA,ESPA헤,DOCUMENTO,0.5 KG ,87,449,87,01/06/2019,PAGADO
COLUMBUS UNIVERSITY,09/05/2019,2548756280,PANAMA,ESPA헤,DOCUMENTO,0.5 KG ,54,450,54,01/06/2019,PAGADO
COSTARANGOS & ASOC,11/10/2018,4899826676,PANAMA,GREECE,DOCUMENTO,0.5 KGS,55,,55,14/10/2018,PAGADO
CRUZ ROJA ESPA헲LA,18/03/2019,3898265615,PANAMA,BOLIVIA,DOCUMENTO,0.5 KG,37,293,37,03/04/2019,PAGADO
DINA KHALILI,05/08/2019,PO BOX ,USA,PANAMA,PAQUETE,14 LBS,40,760,40,05/08/2019,PAGADO
DIT SERVICES.S.A. ,26/06/2019,8190371070,PANAMA,VENEZUELA,DOCUMENTOS,0.5 KG,69,630,69,03/07/2019,PAGADO
ELIAS COHEN,15/10/2018,4080121636,PANAMA,USA,DOCUMENTO,0.3 KGS,31,21,31,13/11/2018,PAGADO
ELIAS COHEN,25/10/2018,4885005963,PANAMA,USA,DOCUMENTO,1 KGS,39,47,39,13/11/2018,PAGADO
ELIAS COHEN,11/12/2018,4137724135,PANAMA,USA,DOCUMENTO,0.5 KGS,31,61,31,11/12/2018,PAGADO
ELIAS COHEN,26/11/2018,4889102400,PANAMA,USA,DOCUMENTO,0.5 KGS,31,87,31,11/12/2018,PAGADO
ELIAS COHEN,12/12/2018,7927890504,PANAMA,USA (MIAMI),DOCUMENTO,1 KGS,39,115,39,08/01/2019,PAGADO
ELIAS COHEN,02/01/2019,9972053674,PANAMA,USA (MIAMI),DOCUMENTO,1 KGS,40,138,40,30/01/2019,PAGADO
ELIAS COHEN,15/01/2019,7183486354,PANAMA,USA,DOCUMENTO,1 KG,40,157,40,30/01/2019,PAGADO
ELIAS COHEN,08/02/2019,2354118421,PANAMA,USA (MIAMI),DOCUMENTO,1 KG,40,222,40,01/03/2019,PAGADO
ELIAS COHEN,22/02/2019,5847635636,PANAMA,USA (REST),DOCUMENTO,1 KGS,40,252,40,01/03/2019,PAGADO
ELIAS COHEN,18/03/2019,1771404946,PANAMA,USA (MIAMI),DOCUMENTO,1 KG,50,292,50,08/04/2019,PAGADO
ELIAS COHEN,01/04/2019,4649470965,PANAMA,USA (MIAMI),DOCUMENTO,1 KG,46,324,46,08/04/2019,PAGADO
ELIAS COHEN,16/04/2019,2286402425,PANAMA,USA (MIAMI),DOCUMENTO,1 KG,46,361,46,03/05/2019,PAGADO
ELIAS COHEN,30/04/2019,4888066842,PANAMA,USA (MIAMI),DOCUMENTO,1 KG,46,417,46,03/05/2019,PAGADO
ELIAS COHEN,14/05/2019,3320794142,PANAMA,USA (MIAMI),DOCUMENTO,1 KG,46,490,46,06/06/2019,PAGADO
ELIAS COHEN,28/05/2019,4233614350,PANAMA,USA (MIAMI),DOCUMENTO,1 KG ,46,516,46,06/06/2019,PAGADO
ELIAS COHEN,24/06/2019,9297598914,PANAMA,USA,DOCUMENTOS,1.0 KG,47,618,47,02/07/2019,PAGADO
ELIAS COHEN,30/07/2019,4045913233,PANAMA,USA,DOCUMENTOS,1.0  KG,47,735,47,12/08/2019,PAGADO
ELIAS COHEN,19/08/2019,2847663335,PANAMA,USA,DOCUMENTOS,1 KG ,46,816,,,PENDIENTE
ELIAS COHEN ,11/06/2019,2173114576,PANAMA,USA ,DOCUMENTO,1KG ,47,566,47,02/07/2019,PAGADO
ELIAS COHEN ,09/07/2019,4058317454,PANAMA,USA ,DOCUMENTOS,1 KG ,47,666,47,12/08/2019,PAGADO
EMBAJADA DE PARAGUAY EN PANAMA,02/05/2019,4789518985,PANAMA,PARAGUAY,DOCUMENTO,0.5 KG ,42,422,42,03/05/2019,PAGADO
ENDOSERVICE S.A,02/08/2019,8080348334,PANAMA,REP.DOMINIC,PAQUETE,9.0 KG,160,754,49,19/08/2019,PAGADO
ENDOSERVICE S.A,07/08/2019,6969233386,PANAMA,USA,PAQUETE,0.5 KG,67,774,,,PENDIENTE
ENDOSERVICE S.A,22/08/2019,6915937744,USA,PANAMA,PAQUETE,3.5/2 KG  ,139,825,,,PENDIENTE
ENDOSERVICE S.A,18/03/2019,1771384624,PANAMA,CHILE,PAQUETE,5 KGS,185,291,185,28/03/2019,PAGADO
ENDOSERVICE S.A,04/04/2019,1539299904,USA (MIAMI),PANAMA,PAQUETE,43 KG,449,334,449,16/04/2019,PAGADO
ENDOSERVICE S.A,30/04/2019,9508641962,USA (MIAMI),PANAMA,PAQUETE,39 KG,464,413,464,16/05/2019,PAGADO
ENDOSERVICE S.A,18/10/2018,2223919165,PANAMA,SANTO DOMINGO,PAQUETE,0.5 KGS,67,26,67,12/11/2018,PAGADO
ENDOSERVICE S.A,29/11/2018,5180207874,PANAMA,USA (MIAMI),PAQUETE,5 KGS,140,92,140,28/12/2018,PAGADO
ENDOSERVICE S.A,28/12/2019,2652055335,PANAMA,DOMINICANA,PAQUETE,0.5 KGS,66,133,311,30/01/2019,PAGADO
ENDOSERVICE S.A,11/02/2019,4052914784,PANAMA,USA (MIAMI),PAQUETE,0.5 KG,67,224,67,08/03/2019,PAGADO
ENDOSERVICE S.A,08/03/2019,7109987942,PANAMA,USA (MIAMI),PAQUETE,1 KG,79,272,79,08/03/2019,PAGADO
ENDOSERVICE S.A,27/03/2019,2586018492,PANAMA,USA (REST),PAQUETE,4 KG,142,318,142,16/04/2019,PAGADO
ENDOSERVICE S.A,30/04/2019,9508722602,PANAMA,USA (REST),PAQUETE,3.0 KG,115,416,115,16/05/2019,PAGADO
ENDOSERVICE S.A,22/05/2019,1636487915,PANAMA,USA (REST),PAQUETE,4.5 KG ,152,496,152,11/06/2019,PAGADO
ENDOSERVICE S.A,29/05/2019,1904601904,PANAMA,SANTO DOMINGO,PAQUETE,13 kg vol,242,527,242,11/06/2019,PAGADO
ENDOSERVICE S.A,31/05/2019,5900873985,PANAMA,SANTO DOMINGO,PAQUETE,22kg ,294,537,294,11/06/2019,PAGADO
ENDOSERVICE S.A,06/06/2019,4629783292,PANAMA,GUATEMALA,PAQUETE,7.5 / 9 KG COTI,161,550,161,10/07/2019,PAGADO
ENDOSERVICE S.A,11/06/2019,2164622865,PANAMA,USA ,PAQUETE,5 KG ,148,571,148,10/07/2019,PAGADO
ENDOSERVICE S.A,20/06/2019,9910099360,PANAMA,REP. DOM,PAQUETE,21.5 KG ,267,606,267,10/07/2019,PAGADO
ENDOSERVICE S.A,10/07/2019,7416566360,PANAMA,USA ,PAQUETE,4.5/ 5 KG ,141,671,141,30/07/2019,PAGADO
ENDOSERVICE S.A,11/07/2019,9300804365,PANAMA,USA,PAQUETE,3.5 KG / 5.0 KG,161,676,161,30/07/2019,PAGADO
ENDOSERVICE S.A,26/07/2019,5494343013,PANAMA,USA,PAQUETE,2.0 KG,105,720,105,30/07/2019,PAGADO
ESEMTEX,08/11/2018,1596805173,COLON FREE ZONE,PAKISTAN,PAQUETE,0.5 KGS,127,56,127,30/11/2018,PAGADO
ESEMTEX,13/12/2018,4340279613,COLON FREE ZONE,MEDELLIN, COLOMBIA,PAQUETE,0.5 KGS,55,117,55,01/02/2019,PAGADO
ESEMTEX,18/12/2018,2363385570,COLON FREE ZONE,CHINA,PAQUETE,0.5 KGS,91,125,91,01/02/2019,PAGADO
ESEMTEX,18/03/2019,3898310146,COLON FREE ZONE,COLOMBIA,PAQUETE,0.3 KGS,54,296,54,01/04/2019,PAGADO
ESREMOCAL,13/05/2019,3294582432,PANAMA,COLOMBIA,PAQUETE,36.5 KG,443,459,443,30/05/2019,PAGADO
ETIPLAST PANAMA. S.A,06/07/2019,4866378436,PANAMA,COSTA RICA,PAQUETE,1 KG,75,643,75,06/07/2019,PAGADO
GLOBAL MARITIME CONSULTANTS GROUP PANAMA,14/06/2019,5645773044,PANAMA,DUBAI,DOCUMENTO,0.5 KG,74,587,74,16/08/2019,PAGADO
GLOBAL MARITIME CONSULTANTS GROUP PANAMA,21/06/2019,6794645443,PANAMA,DUBAI,DOCUMENTO,0.5 kg ,74,616,74,16/08/2019,PAGADO
GLOBAL MARITIME CONSULTANTS GROUP PANAMA,05/07/2019,4547675064,PANAMA,DUBAI,DOCUMENTOS,1 KG ,91,655,,,PENDIENTE
GLOBAL MARITIME CONSULTANTS GROUP PANAMA,05/07/2019,3542827466,PANAMA,EGYPTO,DOCUMENTOS,0.5 KG ,74,656,,,PENDIENTE
GLOBAL MARITIME CONSULTANTS GROUP PANAMA,12/07/2019,3047509220,PANAMA,DUBAI,DOCUMENTOS,0.5 KG,74,679,,,PENDIENTE
GLOBAL MARITIME CONSULTANTS GROUP PANAMA,12/07/2019,5014558076,PANAMA,CHINA,DOCUMENTOS,0.5 KG,54,682,,,PENDIENTE
GLOBAL MARITIME CONSULTANTS GROUP PANAMA,28/03/2019,5811297726,PANAMA,MEXICO,PAQUETE,1 KG,82,321,82,26/04/2019,PAGADO
GLOBAL MARITIME CONSULTANTS GROUP PANAMA,22/04/2019,7964426142,PANAMA,DUBAI,DOCUMENTO,0.5 KG,74,384,74,13/05/2019,PAGADO
GLOBAL MARITIME CONSULTANTS GROUP PANAMA,22/04/2019,6723258916,PANAMA,BAHRAIN,DOCUMENTO,0.5 KG ,74,385,74,13/05/2019,PAGADO
GLOBAL MARITIME CONSULTANTS GROUP PANAMA,23/04/2019,4090566314,PANAMA,EGIPTO,DOCUMENTO,0.5 kg ,74,390,74,14/05/2019,PAGADO
GLOBAL MARITIME CONSULTANTS GROUP PANAMA,25/04/2019,1453412634,PANAMA,UNITED KINDOM,DOCUMENTO,0.5 KG,50,403,50,14/05/2019,PAGADO
GLOBAL MARITIME CONSULTANTS GROUP PANAMA,30/04/2019,1303576923,PANAMA,DUBAI,DOCUMENTO,0.5 KG ,74,419,74,11/07/2019,PAGADO
GLOBAL MARITIME CONSULTANTS GROUP PANAMA,03/05/2019,7124784940,PANAMA,ESPA헤,DOCUMENTO,0.5 KG ,50,433,50,14/05/2019,PAGADO
GLOBAL MARITIME CONSULTANTS GROUP PANAMA,09/05/2019,2548782552,PANAMA,ITALIA,DOCUMENTO,0.5 KG,50,452,50,11/07/2019,PAGADO
GLOBAL MARITIME CONSULTANTS GROUP PANAMA,10/05/2019,6777202880,PANAMA,DUBAI,DOCUMENTO,0.5 KG ,74,456,74,11/07/2019,PAGADO
GLOBAL MARITIME CONSULTANTS GROUP PANAMA,13/05/2019,4974735253,PANAMA,COLOMBIA,PAQUETE,5 KG ,172,463,172,11/07/2019,PAGADO
GLOBAL MARITIME CONSULTANTS GROUP PANAMA,17/05/2019,5973420994,PANAMA,TURQUIA,DOCUMENTO,0.5 KG ,50,487,50,11/07/2019,PAGADO
GLOBAL MARITIME CONSULTANTS GROUP PANAMA,17/05/2019,4343367276,PANAMA,DUBAI,DOCUMENTO,0.5 KG ,74,488,74,11/07/2019,PAGADO
GLOBAL MARITIME CONSULTANTS GROUP PANAMA,17/05/2019,5973434073,PANAMA,LIBANO,DOCUMENTO,0.5 KG ,74,489,74,11/07/2019,PAGADO
GLOBAL MARITIME CONSULTANTS GROUP PANAMA,23/05/2019,4920338500,PANAMA,CANADA,DOCUMENTO,0.5 KG ,35,507,35,01/07/2019,PAGADO
GLOBAL MARITIME CONSULTANTS GROUP PANAMA,31/05/2019,6919953784,PANAMA,DUBAI,DOCUMENTO,0.5 KG ,74,541,74,16/08/2019,PAGADO
GLOBAL MARITIME CONSULTANTS GROUP PANAMA,24/06/2019,4734930292,PANAMA,LIBANO,DOCUMENTOS,0.5 KG,74,620,74,16/08/2019,PAGADO
GLOBAL MARITIME CONSULTANTS GROUP PANAMA,28/06/2019,2154695583,PANAMA,CYPRUS,DOCUMENTOS,0.5 KG,50,642,50,16/08/2019,PAGADO
GLOBAL MARITIME CONSULTANTS GROUP PANAMA,17/07/2019,3380750052,PANAMA,CYPRUS,DOCUMENTOS,0.5 KG,50,698,,,PENDIENTE
GLOBAL MARITIME CONSULTANTS GROUP PANAMA,24/07/2019,2198851616,PANAMA,DUBAI,DOCUMENTOS,1 KG,91,716,,,PENDIENTE
GLOBAL MARITIME CONSULTANTS GROUP PANAMA,02/08/2019,4315461986,PANAMA,TURKEY,DOCUMENTOS,0.5 KG,49,751,,,PENDIENTE
GLOBAL MARITIME CONSULTANTS GROUP PANAMA,02/08/2019,2513735781,PANAMA,USA,DOCUMENTOS,0.5 KG,35,756,,,PENDIENTE
GLOBAL MARITIME CONSULTANTS GROUP PANAMA,02/08/2019,2513738673,PANAMA,DUBAI,DOCUMENTOS,1 KG,91,757,,,PENDIENTE
GLOBAL MARITIME CONSULTANTS GROUP PANAMA,02/08/2019,2513741576,PANAMA,BEIRUT,DOCUMENTOS,0.5 KG,73,758,,,PENDIENTE
GLOBAL MARITIME CONSULTANTS GROUP PANAMA,02/08/2019,8991291503,PANAMA,GREECE,DOCUMENTOS,0.5 KG,49,759,,,PENDIENTE
GLOBAL MARITIME CONSULTANTS GROUP PANAMA,08/08/2019,6969531052,PANAMA,CHINA,DOCUMENTOS,0.5 KG,53,789,,,PENDIENTE
GLOBAL MARITIME CONSULTANTS GROUP PANAMA,14/08/2019,4780333563,PANAMA,CHINA,DOCUMENTOS,0.5 KG,53,807,,,PENDIENTE
GLOBAL MARITIME CONSULTANTS GROUP PANAMA,20/08/2019,4583359034,PANAMA,CHINA,DOCUMENTOS,0.5 KG ,53,817,,,PENDIENTE
GLOBAL MARITIME CONSULTANTS GROUP PANAMA,21/08/2019,1093376211,PANAMA,USA,DOCUMENTOS,0.5 KG ,35,820,,,PENDIENTE
GLOBAL MARITIME CONSULTANTS GROUP PANAMA,22/08/2019,4942052695,PANAMA,FRANCE,DOCUMENTOS,0.5 KG ,49,827,,,PENDIENTE
GLOBAL MARITIME CONSULTANTS GROUP PANAMA,22/08/2019,1441216055,PANAMA,UKRANIA ,DOCUMENTOS,0.5 KG ,49,828,,,PENDIENTE
GP GROUP ZONA LIBRE,17/04/2019,6463632232,COLON FREE ZONE,SANTO DOMINGO,PAQUETE,9.5 KGS,149,368,149,20/05/2019,PAGADO
GP GROUP ZONA LIBRE,12/07/2019,5014599343,PANAMA,TRIN Y TOB,PAQUETE,0.5 KG,70,683,70,21/08/2019,PAGADO
GUIEHR. S.A.,10/07/2019,1027549241 ( VIA CARGA KN),USA,PANAMA,PAQUETE,85.5KG ,678,644,678,18/07/2019,PAGADO
GUIEHR. S.A.,12/02/2019,8271125774,PANAMA,USA (REST),PAQUETE,1 KG,66,231,66,21/02/2019,PAGADO
GUIEHR. S.A.,17/04/2019,7809277335,PANAMA,USA (REST),PAQUETE,7 KGS,188,366,188,30/04/2019,PAGADO
GUIEHR. S.A.,23/04/2019,7716005706,PANAMA,ALEMANIA,PAQUETE,63 KG ,746,387,746,09/05/2019,PAGADO
GUIEHR. S.A.,23/05/2019,1297411636,PANAMA,USA (REST),PAQUETE,39 KG,382,500,382,06/06/2019,PAGADO
GUILLERMO GONZALEZ,09/05/2019,4407663466,PANAMA,USA (MIAMI),DOCUMENTO,0.5 KG ,40,435,40,14/05/2019,PAGADO
HEROE S.A,03/06/2019,5110351315,PANAMA,REP. DOM,DOCUMENTO,0.5 KG ,32,543,32,18/07/2019,PAGADO
HEROE S.A,04/07/2019,3590728153,PANAMA,REP. DOM,PAQUETE,1.5 KG ,84,650,84,18/07/2019,PAGADO
HEROE S.A,11/10/2018,9065404305,COLON FREE ZONE,DOMINICANA,DOCUMENTO,0.3 KGS,36,15,36,16/10/2018,PAGADO
HEROE S.A,24/10/2018,3271800081,COLON FREE ZONE,SANTO DOMINGO,DOCUMENTO,0.5 KGS,31,38,31,09/11/2018,PAGADO
HEROE S.A,30/10/2018,1364207386,COLON FREE ZONE,DOMINICANA,DOCUMENTO,0.5 KGS,31,52,31,09/11/2018,PAGADO
HEROE S.A,16/11/2018,2409329436,COLON FREE ZONE,CHINA,PAQUETE,0.5 KGS,98,72,98,30/11/2018,PAGADO
HEROE S.A,27/11/2018,6410526463,COLON FREE ZONE,DOMINICANA,DOCUMENTO,0.5 KGS,31,88,31,30/11/2018,PAGADO
HEROE S.A,05/12/2018,6769522001,COLON FREE ZONE,SANTO DOMINGO,DOCUMENTO,0.5 KGS,31,104,31,03/01/2019,PAGADO
HEROE S.A,02/01/2019,2541486485,COLON FREE ZONE,SANTO DOMINGO,DOCUMENTO,0.5 KGS,31,137,31,01/02/2019,PAGADO
HEROE S.A,18/02/2019,2869289673,COLON FREE ZONE,SANTO DOMINGO,DOCUMENTO,0.5 KGS,31,239,31,01/03/2019,PAGADO
HEROE S.A,19/02/2019,2806504956,COLON FREE ZONE,CHINA,PAQUETE,1 KG,100,241,100,01/03/2019,PAGADO
HEROE S.A,26/02/2019,4924485650,COLON FREE ZONE,SANTO DOMINGO,DOCUMENTO,0.5 KG,31,259,31,01/03/2019,PAGADO
HEROE S.A,03/04/2019,1612530113,COLON FREE ZONE,SANTO DOMINGO,DOCUMENTO,0.5 KG,31,333,31,07/05/2019,PAGADO
HEROE S.A,09/04/2019,1850981156,COLON FREE ZONE,CHINA,PAQUETE,2 KG,126,349,126,07/05/2019,PAGADO
HEROE S.A,23/05/2019,1297416573,COLON FREE ZONE,SANTO DOMINGO,DOCUMENTO,1 KG ,40,501,40,13/06/2019,PAGADO
HEROE S.A,23/05/2019,1297423820,COLON FREE ZONE,CHILE,PAQUETE,1 KG ,90,502,90,13/06/2019,PAGADO
HEROE S.A,28/05/2019,3855656674,COLON FREE ZONE,CHINA,PAQUETE,4 KG ,176,519,176,13/06/2019,PAGADO
HEROE S.A,13/08/2019,2293109162,PANAMA,CHILE,PAQUETE,4 KG,131,799,,,PENDIENTE
HEROE S.A,17/01/2019,2717502605,PANAMA,REP. DOM,DOCUMENTO,0.5 KG,40,162,40,01/02/2019,PAGADO
HEROE S.A,25/01/2019,1142559412,PANAMA,DOMINICANA,DOCUMENTO,0.5 KG,31,182,31,01/03/2019,PAGADO
HONEY PRODUCTIONS,19/06/2019,3825160533 /  7279385256,COLOMBIA,PANAMA,PAQUETE,116 /120 KG ,1316,593,1316,11/07/2019,PAGADO
HONEY PRODUCTIONS,21/11/2018,1308123213,PANAMA,CHILE,DOCUMENTO,0.5 KGS,41,80,41,17/12/2018,PAGADO
HONEY PRODUCTIONS,04/12/2018,9994155496,PANAMA,ESPA헤,DOCUMENTO,0.5 KGS,52,102,52,21/12/2018,PAGADO
HONEY PRODUCTIONS,25/02/2019,3072866263,PANAMA,ESPA헤,DOCUMENTO,0.5 KG,53,262,53,15/03/2019,PAGADO
HONEY PRODUCTIONS,10/04/2019,9987222814,PANAMA,ESPA헤,DOCUMENTO,0.5 KG,54,352,54,15/05/2019,PAGADO
HONEY PRODUCTIONS,17/04/2019,1895498474,PANAMA,ESPA헤,DOCUMENTO,0.5 KG,54,372,54,15/05/2019,PAGADO
HONEY PRODUCTIONS,17/04/2019,1895505356,PANAMA,ESPA헤,DOCUMENTO,0.5 KG,54,373,54,15/05/2019,PAGADO
HONEY PRODUCTIONS,17/04/2019,6345034684,PANAMA,ESPA헤,DOCUMENTO,0.5 KG,79,374,79,15/05/2019,PAGADO
HONEY PRODUCTIONS,29/05/2019,2762507952,PANAMA,ESPA헤,DOCUMENTO,0.5 KG,54,524,54,11/07/2019,PAGADO
HOPITALAR ,20/06/2019,9910113861,KOREA,PANAMA,PAQUETE,3 KG ,290,594,290,27/06/2019,PAGADO
HOSPITALAR,10/10/2018,1139407102,PANAMA,ITALIA,PAQUETE,4  KGS,230,,230,17/10/2018,PAGADO
HOSPITALAR,27/04/2019,99213448046,PANAMA,USA (MIAMI),PAQUETE,2 KG,386,407,386,29/04/2019,PAGADO
HOSPITALAR,15/05/2019,2254381883,PANAMA,HONG KONG,PAQUETE,3 KG ,171,437,171,17/05/2019,PAGADO
HOSPITALAR,14/08/2019,4780154606,PANAMA,POLONIA,PAQUETE,7.0 KG,240,805,,,PENDIENTE
IFARHU,29/11/2018,7730393016,PANAMA,ESPA헤,DOCUMENTO,0.5 KGS,53,89,50,30/11/2018,PAGADO
IFARHU,28/01/2019,1331364543,PANAMA,USA (REST),DOCUMENTO,0.5 KGS,38,201,38,28/01/2019,PAGADO
IFARHU,11/03/2019,2301345616,PANAMA,CANADA,DOCUMENTO,0.5 KG,43,279,43,11/03/2019,PAGADO
IFARHU,23/04/2019,9232518514,PANAMA,ESPA헤,DOCUMENTO,0.5 KG ,54,377,54,24/04/2019,PAGADO
IFARHU,14/05/2019,3799780504,PANAMA,USA (REST),DOCUMENTO,0.5 KG ,43,436,43,14/05/2019,PAGADO
IFARHU,24/05/2019,9684560804,PANAMA,USA (REST),DOCUMENTO,0.5 KG ,43,491,43,27/05/2019,PAGADO
IFARHU,11/06/2019,2173078040,PANAMA,ITALY,DOCUMENTO,0.5KG ,59,542,59,11/06/2019,PAGADO
IFARHU,17/06/2019,1120583155,PANAMA,COLOMBIA,DOCUMENTO,0.5 KG ,36,596,36,17/06/2019,PAGADO
IFARHU,16/07/2019,3857519035,PANAMA,USA,DOCUMENTOS,0.5 KG,43,686,43,16/07/2019,PAGADO
IMPORTADORA RICAMAR. S.A,04/07/2019,6860688796,PANAMA,USA,PAQUETE,0.5 KG ,62,652,,,PENDIENTE
IMPORTADORA RICAMAR. S.A,19/07/2019,3146424481,PANAMA,USA,DOCUMENTOS,0.5 KG,35,708,,,PENDIENTE
IMPORTADORA RICAMAR. S.A,02/08/2019,4003968242,PANAMA,USA,DOCUMENTOS,0.5 KG,35,752,,,PENDIENTE
IMPORTADORA RICAMAR. S.A,12/08/2019,5028878820,PANAMA,USA,PAQUETE,0.5 KG,62,792,,,PENDIENTE
IMPORTADORA RICAMAR. S.A,12/08/2019,5028881336,PANAMA,HONG KONG,PAQUETE,0.5 KG,98,793,,,PENDIENTE
IMPORTADORA RICAMAR. S.A,16/08/2019,5988849300,PANAMA,USA,DOCUMENTOS,0.5 KG,35,812,,,PENDIENTE
IMPORTADORA RICAMAR. S.A,31/01/2019,1845621621,PANAMA,USA (MIAMI),DOCUMENTO,0.5 KGS,35,207,35,19/02/2019,PAGADO
IMPORTADORA RICAMAR. S.A,19/02/2019,2806407822,PANAMA,HONG KONG,PAQUETE,0.5 KG,98,240,98,21/03/2019,PAGADO
IMPORTADORA RICAMAR. S.A,22/02/2019,9233848632,PANAMA,USA (REST),DOCUMENTO,0.5 KG,34,251,34,21/03/2019,PAGADO
IMPORTADORA RICAMAR. S.A,26/02/2019,4924503043,PANAMA,USA (MIAMI),DOCUMENTO,0.5 KG,38,265,38,21/03/2019,PAGADO
IMPORTADORA RICAMAR. S.A,26/02/2019,1360361516,PANAMA,USA (MIAMI),DOCUMENTO,0.5 KG,38,266,38,21/03/2019,PAGADO
IMPORTADORA RICAMAR. S.A,18/03/2019,6405532243,PANAMA,HONG KONG,PAQUETE,0.5 KG,111,298,111,24/04/2019,PAGADO
IMPORTADORA RICAMAR. S.A,29/03/2019,4504701250,PANAMA,USA (MIAMI),PAQUETE,0.5 KG,57,323,29,07/06/2019,PAGADO
IMPORTADORA RICAMAR. S.A,05/04/2019,6562749130,PANAMA,USA (MIAMI),DOCUMENTO,0.5 KG,35,336,35,24/04/2019,PAGADO
IMPORTADORA RICAMAR. S.A,12/04/2019,5382814080,PANAMA,USA (REST),DOCUMENTO,0.5 KG,35,355,35,07/06/2019,PAGADO
IMPORTADORA RICAMAR. S.A,06/05/2019,4886256093,PANAMA,HONG KONG,PAQUETE,1 KG ,112,439,112,20/06/2019,PAGADO
IMPORTADORA RICAMAR. S.A,23/05/2019,5412493995,PANAMA,USA (REST),PAQUETE,1 kg ,101,499,101,13/08/2019,PAGADO
IMPORTADORA RICAMAR. S.A,30/05/2019,2685237111,PANAMA,USA (MIAMI),DOCUMENTO,0.5 KG ,35,533,35,29/07/2019,PAGADO
IMPORTADORA RICAMAR. S.A,31/05/2019,5900932461,PANAMA,USA (REST),DOCUMENTO,0.5 KG ,35,539,35,29/07/2019,PAGADO
IMPORTADORA RICAMAR. S.A,26/06/2019,4965446695,PANAMA,ARGENTINA,PAQUETE,0.5 KG,70,631,,,PENDIENTE
IMPORTADORA RICAMAR. S.A,31/07/2019,1423017875,PANAMA,USA ,DOCUMENTOS,2.0 KG,88,763,,,PENDIENTE
IMPORTADORA RICAMAR. S.A,13/05/2019,1310626306,PANAMA,PERU,PAQUETE,0.5 KG ,103,458,103,20/06/2019,PAGADO
INDUSTRIAS PANAMA BOSTON. S.A,10/06/2019,2656447964,PANAMA,COSTA RICA ,DOCUMENTO,0.5 KG ,29,562,,,PENDIENTE
INDUSTRIAS PANAMA BOSTON. S.A,12/06/2019,5009409145,PANAMA,COSTA RICA ,DOCUMENTO,0.5 KG ,29,575,,,PENDIENTE
INDUSTRIAS PANAMA BOSTON. S.A,14/06/2019,5645759663,PANAMA,COSTA RICA,DOCUMENTO,0.5 KG,29,585,,,PENDIENTE
INDUSTRIAS PANAMA BOSTON. S.A,14/06/2019,6468343906,PANAMA,COSTA RICA,PAQUETE,0.5 KG,93,588,,,PENDIENTE
INDUSTRIAS PANAMA BOSTON. S.A,18/06/2019,8980866893,PANAMA,COSTA RICA ,DOCUMENTO,0.5 KG ,29,603,,,PENDIENTE
INDUSTRIAS PANAMA BOSTON. S.A,08/08/2019,4548915081,PANAMA,COSTA RICA,DOCUMENTOS,0.5 KG,29,782,,,PENDIENTE
INDUSTRIAS PANAMA BOSTON. S.A,11/03/2019,2301282583,PANAMA,COSTA RICA,DOCUMENTO,0.5 KG,29,278,29,03/05/2019,PAGADO
INDUSTRIAS PANAMA BOSTON. S.A,20/03/2019,3183445565,PANAMA,COSTA RICA,DOCUMENTO,0.5 KG,29,303,29,03/05/2019,PAGADO
INDUSTRIAS PANAMA BOSTON. S.A,27/03/2019,2586027824,PANAMA,COSTA RICA,DOCUMENTO,0.5 KG,29,319,29,03/05/2019,PAGADO
INDUSTRIAS PANAMA BOSTON. S.A,04/04/2019,9281390366,PANAMA,COSTA RICA,DOCUMENTO,0.5 KG,29,335,29,02/08/2019,PAGADO
INDUSTRIAS PANAMA BOSTON. S.A,17/04/2019,3106130160,PANAMA,COSTA RICA,DOCUMENTO,0.5 KG,29,376,29,02/08/2019,PAGADO
INDUSTRIAS PANAMA BOSTON. S.A,07/05/2019,5339163001,PANAMA,COSTA RICA,DOCUMENTO,0.5 KG,29,440,29,09/08/2019,PAGADO
INDUSTRIAS PANAMA BOSTON. S.A,15/05/2019,2254388614,PANAMA,NICARAGUA,DOCUMENTO,0.5 KG ,29,468,29,09/08/2019,PAGADO
INDUSTRIAS PANAMA BOSTON. S.A,27/05/2019,6406308193,PANAMA,BRASIL,PAQUETE,2 KG ,185,515,185,09/08/2019,PAGADO
INDUSTRIAS PANAMA BOSTON. S.A,20/06/2019,3743147100,PANAMA,C.RICA,DOCUMENTO,0.5 KG ,29,611,,,PENDIENTE
INTERNATIONAL MARITIME REGISTER,06/06/2019,4629792786,PANAMA,EGYPT,DOCUMENTO,0.5 KG ,81,551,81,08/07/2019,PAGADO
INTERNATIONAL MARITIME REGISTER,17/06/2019,5012327703,PANAMA,CHINA,DOCUMENTO,0.5 KG,59,595,59,08/07/2019,PAGADO
INTERNATIONAL MARITIME REGISTER,26/07/2019,3380983900,PANAMA,CHINA,DOCUMENTOS,0.5 KG,58,718,,,PENDIENTE
INTERNATIONAL MARITIME REGISTER,05/12/2018,6766011265,PANAMA,DUBAI,DOCUMENTO,0.5 KGS,73,103,73,11/12/2018,PAGADO
INTERNATIONAL MARITIME REGISTER,21/12/2018,6664424782,PANAMA,CHINA,DOCUMENTO,0.5 KGS,53,130,53,06/02/2019,PAGADO
INTERNATIONAL MARITIME REGISTER,08/01/2019,1218869632,PANAMA,CHINA,DOCUMENTO,0.5 KGS,58,153,58,06/02/2019,PAGADO
INTERNATIONAL MARITIME REGISTER,07/02/2019,2163347723,PANAMA,CHINA,DOCUMENTO,0.5 KG,57,220,57,01/04/2019,PAGADO
INTERNATIONAL MARITIME REGISTER,15/03/2019,7201255552,PANAMA,CHINA,DOCUMENTO,0.5 KG,58,285,58,01/04/2019,PAGADO
INTERNATIONAL MARITIME REGISTER,15/04/2019,1123530682,PANAMA,CHINA,DOCUMENTO,0.5 KG,58,358,58,10/05/2019,PAGADO
INTERNATIONAL MARITIME REGISTER,29/04/2019,3628771705,PANAMA,DUBAI,DOCUMENTO,0.5 KG,80,412,80,10/05/2019,PAGADO
INTERNATIONAL MARITIME REGISTER,02/05/2019,2818349166,PANAMA,DUBAI,DOCUMENTO,0.5 KG ,80,423,80,10/05/2019,PAGADO
INTERNATIONAL MARITIME REGISTER,17/05/2019,6501159453,PANAMA,CHINA,DOCUMENTO,0.5 KG ,58,484,58,08/07/2019,PAGADO
INVERSIONES TAGORE PANAMA,17/01/2019,1302796983,PANAMA,INDIA,DOCUMENTO,0.5 KG,58,161,58,14/03/2019,PAGADO
INVERSIONES TAGORE PANAMA,12/07/2019,3047514245,PANAMA,ICELAND,DOCUMENTOS,0.5 KG,54,680,54,18/07/2019,PAGADO
INVERSIONES TAGORE PANAMA,12/07/2019,5014545303,PANAMA,BRAZIL,DOCUMENTOS,0.5 KG,42,681,42,18/07/2019,PAGADO
INVERSIONES TAGORE PANAMA,26/08/2019,8372685322,PANAMA,COSTA RICA,DOCUMENTOS,0.5 KG,31,829,,,PENDIENTE
INVERSIONES TAGORE PANAMA,07/01/2019,8122236426,PANAMA,INDIA,DOCUMENTO,0.5 KGS,58,149,58,30/01/2019,PAGADO
INVERSIONES TAGORE PANAMA,07/01/2019,8122240534,PANAMA,INDIA,DOCUMENTO,0.5 KGS,58,150,58,30/01/2019,PAGADO
INVERSIONES TAGORE PANAMA,20/05/2019,6500303014,PANAMA,INDIA,DOCUMENTO, 0.5KG ,54,492,54,06/06/2019,PAGADO
INVERSIONES Y REP MCC / LA TOLDA IDEAL,04/05/2019,5704726160,CHINA,PANAMA,PAQUETE,53 KG ,1130,431,1130,17/05/2019,PAGADO
INVERSIONES Y REP MCC / LA TOLDA IDEAL,20/11/2018,3714903194,CHILE,PANAMA,PAQUETE,2.5 KGS,113,79,113,27/11/2018,PAGADO
IRS PANAMA,30/10/2018,3543142805,PANAMA,USA,DOCUMENTO,0.5 KGS,31,48,31,08/11/2018,PAGADO
IRS PANAMA,16/08/2019,5988933985,PANAMA,USA,DOCUMENTOS,0.5 KG,35,814,,,PENDIENTE
IVAN VERGARA,17/07/2019,9904779872,PANAMA,COLOMBIA,DOCUMENTOS,0.5 KG,37,685,37,17/07/2019,PAGADO
KADIMA. S.A,17/12/2018,5173592454,PANAMA,CHINA,PAQUETE,0.5 KGS,90,122,90,04/02/2019,PAGADO
KADIMA. S.A,12/06/2019,5009348912,PANAMA,H.KONG,DOCUMENTO,0.5 KG ,49,574,49,03/07/2019,PAGADO
KADIMA. S.A,12/06/2019,4084838251,PANAMA,USA ,DOCUMENTO,0.5 KG ,32,577,32,03/07/2019,PAGADO
KADIMA. S.A,14/06/2019,9498983815,PANAMA,ISRAEL,DOCUMENTO,0.5 KG,67,584,67,03/07/2019,PAGADO
KADIMA. S.A,20/06/2019,5112587443,PANAMA,NICARGUA,DOCUMENTO,0.5 KG ,26,590,26,03/07/2019,PAGADO
KADIMA. S.A,25/06/2019,9684126045,PANAMA,HONG KONG,PAQUETE,3.5 KG,164,628,164,02/08/2019,PAGADO
KADIMA. S.A,26/07/2019,3381137432,PANAMA,HONG KONG,PAQUETE,3.0 KG,152,722,,,PENDIENTE
KADIMA. S.A,26/07/2019,2396294316,PANAMA,CHINA,PAQUETE,4.5 KG,190,723,,,PENDIENTE
KADIMA. S.A,26/07/2019,3381141901,PANAMA,HONG KONG,PAQUETE,4.0 KG,177,724,,,PENDIENTE
KADIMA. S.A,29/07/2019,8421169886,PANAMA,CHINA,PAQUETE,3.0 KG,151,731,,,PENDIENTE
KADIMA. S.A,29/07/2019,8421181716,PANAMA,HONG KONG,PAQUETE,9 KG,247,733,,,PENDIENTE
KADIMA. S.A,29/07/2019,8421184800,PANAMA,HONG KONG,PAQUETE,1.5 KG,114,734,,,PENDIENTE
KADIMA. S.A,31/07/2019,3802718054,PANAMA,HONG KONG,PAQUETE,3.0 KG,151,747,,,PENDIENTE
KADIMA. S.A,31/07/2019,3802721020,PANAMA,HONG KONG,PAQUETE,2.0 KG,116,748,,,PENDIENTE
KADIMA. S.A,07/08/2019,6969085200,PANAMA,CHINA,PAQUETE,15 KG,315,771,,,PENDIENTE
KADIMA. S.A,07/08/2019,6969085664,PANAMA,HONG KONG,PAQUETE,10.5 KG,262,772,,,PENDIENTE
KADIMA. S.A,07/08/2019,6633883550,PANAMA,HONG KONG,PAQUETE,3.5 KG,163,773,,,PENDIENTE
KADIMA. S.A,16/08/2019,5988960062,PANAMA,CHINA,DOCUMENTOS,0.5 KG,48,815,,,PENDIENTE
KADIMA. S.A,27/06/2019,5156146516,PANAMA,HONG KONG,PAQUETE,3.5 KG,164,633,164,02/08/2019,PAGADO
KADIMA. S.A,27/06/2019,7303606951,PANAMA,HONG KONG,PAQUETE,6 KG,236,634,236,02/08/2019,PAGADO
KADIMA. S.A,27/06/2019,5156152735,PANAMA,CHINA,PAQUETE,3 KG,151,635,151,02/08/2019,PAGADO
KADIMA. S.A,27/06/2019,7303611232,PANAMA,HONG KONG,PAQUETE,2.5 KG,139,636,139,02/08/2019,PAGADO
KADIMA. S.A,11/07/2019,5878536801,PANAMA,HONG KONG,PAQUETE,2.5 KG,138,673,138,02/08/2019,PAGADO
KADIMA. S.A,11/07/2019,5878538842,PANAMA,HONG KONG,PAQUETE,6.0 KG,214,674,214,02/08/2019,PAGADO
KADIMA. S.A,26/11/2018,4871237033,PANAMA,CHINA,PAQUETE,0.5 KGS,89,86,89,02/01/2019,PAGADO
KADIMA. S.A,11/12/2018,1414227393,PANAMA,CHINA,PAQUETE,1.5 KGS,114,110,114,02/01/2019,PAGADO
KADIMA. S.A,07/01/2019,8122065383,PANAMA,CHINA,PAQUETE,2.5 KGS,138,147,138,04/02/2019,PAGADO
KADIMA. S.A,07/02/2019,7053205316,PANAMA,USA (REST),PAQUETE,0.3 KGS,56,214,56,08/03/2019,PAGADO
KADIMA. S.A,21/02/2019,3886567311,PANAMA,CHINA,PAQUETE,0.5 KG,100,250,100,08/03/2019,PAGADO
KADIMA. S.A,09/07/2019,4059058846,PANAMA,CHINA ,PAQUETE,6.5 kg ,219,669,219,02/08/2019,PAGADO
KADIMA. S.A,09/07/2019,3047348662,PANAMA,CHINA ,PAQUETE,1 KG ,102,664,102,02/08/2019,PAGADO
KADIMA. S.A,20/06/2019,1473993474,PANAMA,H.KONG,PAQUETE,1 KG ,102,592,102,03/07/2019,PAGADO
KADIMA. S.A,05/06/2019,9498812665,PANAMA,CHINA,PAQUETE,3kg,151,546,151,03/07/2019,PAGADO
KADIMA. S.A,21/06/2019,7446837506,NICARGUA,PANAMA,DOCUMENTO,0.5 KG ,32,617,32,30/07/2019,PAGADO
KADIMA. S.A,04/06/2019,4981757480,PANAMA,CHINA,PAQUETE,0.5 KG ,90,544,90,03/07/2019,PAGADO
KADIMA. S.A,11/06/2019,2164541116,PANAMA,COLOMBIA,PAQUETE,0.5 KG ,55,568,55,03/07/2019,PAGADO
KADIMA. S.A,11/06/2019,7433819945,PANAMA,COLOMBIA,PAQUETE,1 KG ,55,569,55,03/07/2019,PAGADO
KADIMA. S.A,24/06/2019,2108900754,PANAMA,COLOMBIA,PAQUETE,0.5 KG,55,619,55,02/08/2019,PAGADO
KADIMA. S.A,02/08/2019,8991160581,PANAMA,CHINA,PAQUETE,1.5 KG,113,755,,,PENDIENTE
KADIMA. S.A,23/07/2019,1140224993,PANAMA,CHINA,PAQUETE,2 KG,126,711,,,PENDIENTE
KADIMA. S.A,08/11/2018,1364371923,PANAMA,CHINA,PAQUETE,10 KGS,254,57,254,02/01/2019,PAGADO
KADIMA. S.A,11/12/2018,4137847114,PANAMA,CHINA,PAQUETE,2 KGS,126,62,126,02/01/2019,PAGADO
KADIMA. S.A,11/12/2018,4137851314,PANAMA,CHINA,PAQUETE,18.5 KGS,352,63,352,02/01/2019,PAGADO
KADIMA. S.A,13/11/2018,5777893192,PANAMA,CHINA,PAQUETE,26.5 KGS,445,65,445,02/01/2019,PAGADO
KADIMA. S.A,15/11/2018,8346850260,PANAMA,HONG KONG,PAQUETE,4 KGS,243,67,243,02/01/2019,PAGADO
KADIMA. S.A,16/11/2018,8346852776,PANAMA,HONG KONG,PAQUETE,9 KGS,206,68,206,02/01/2019,PAGADO
KADIMA. S.A,16/11/2018,2409320782,PANAMA,CHINA,PAQUETE,5 KGS,222,71,222,02/01/2019,PAGADO
KADIMA. S.A,23/11/2018,1015966000,PANAMA,HONG KONG,PAQUETE,3.5 KGS,163,82,163,02/01/2019,PAGADO
KADIMA. S.A,29/11/2018,7432510912,PANAMA,USA (MIAMI),DOCUMENTO,0.5 KGS,26,91,26,02/01/2019,PAGADO
KADIMA. S.A,30/11/2018,3638734120,PANAMA,HONG KONG,PAQUETE,5 KGS,200,93,200,02/01/2019,PAGADO
KADIMA. S.A,11/12/2018,1414251075,PANAMA,HONG KONG,PAQUETE,1.5 KGS,114,108,114,02/01/2019,PAGADO
KADIMA. S.A,11/12/2018,1414250902,PANAMA,HONG KONG,DOCUMENTO,0.5 KGS,90,109,90,02/01/2019,PAGADO
KADIMA. S.A,17/12/2018,7113431651,PANAMA,USA (MIAMI),DOCUMENTO,0.5 KGS,26,121,25,02/01/2019,PAGADO
KADIMA. S.A,26/12/2019,4123058096,PANAMA,HONG KONG,PAQUETE,0.5 KGS,90,131,90,04/02/2019,PAGADO
KADIMA. S.A,02/01/2019,9972074976,PANAMA,HONG KONG,PAQUETE,7.5 KGS,230,139,230,04/02/2019,PAGADO
KADIMA. S.A,02/01/2019,1331125106,PANAMA,HONG KONG,PAQUETE,14.5 KGS,311,140,311,04/02/2019,PAGADO
KADIMA. S.A,14/02/2019,7898374746,PANAMA,HONG KONG,PAQUETE,14 KGS,301,233,301,08/03/2019,PAGADO
KADIMA. S.A,14/02/2019,7898377126,PANAMA,HONG KONG,PAQUETE,10 KGS,254,234,254,08/03/2019,PAGADO
KADIMA. S.A,14/02/2019,2542931672,PANAMA,HONG KONG,PAQUETE,12 KG,277,235,277,08/03/2019,PAGADO
KADIMA. S.A,15/02/2019,3390434611,PANAMA,HONG KONG,PAQUETE,5 KGS,199,236,199,08/03/2019,PAGADO
KADIMA. S.A,15/02/2019,6825607821,PANAMA,HONG KONG,PAQUETE,5 KGS,199,237,199,08/03/2019,PAGADO
KADIMA. S.A,19/02/2019,9631026952,PANAMA,HONG KONG,PAQUETE,3 KG,149,243,149,08/03/2019,PAGADO
KADIMA. S.A,19/02/2019,9631032762,PANAMA,HONG KONG,PAQUETE,13 KG,289,244,289,08/03/2019,PAGADO
KADIMA. S.A,19/02/2019,8417766556,PANAMA,CHINA,PAQUETE,23 KGS,407,245,407,08/03/2019,PAGADO
KADIMA. S.A,20/02/2019,6778298472,PANAMA,USA (MIAMI),DOCUMENTO,1.5 KG,60,248,60,08/03/2019,PAGADO
KADIMA. S.A,22/02/2019,5847652510,PANAMA,HONG KONG,PAQUETE,6 KGS,210,253,210,02/04/2019,PAGADO
KADIMA. S.A,22/02/2019,9233890676,PANAMA,HONG KONG,PAQUETE,4 KG,174,254,174,02/04/2019,PAGADO
KADIMA. S.A,18/03/2019,5495846650,PANAMA,HONG KONG,PAQUETE,6 KG,211,288,211,02/04/2019,PAGADO
KADIMA. S.A,18/03/2019,5495848540,PANAMA,CHINA,PAQUETE,11 KGS,267,289,267,02/04/2019,PAGADO
KADIMA. S.A,18/03/2019,5495851421,PANAMA,HONG KONG,PAQUETE,17 KGS,338,290,338,02/04/2019,PAGADO
KADIMA. S.A,22/03/2019,6845514115,PANAMA,HONG KONG,PAQUETE,3 KG,150,308,150,06/05/2019,PAGADO
KADIMA. S.A,22/03/2019,6845514244,PANAMA,CHINA,PAQUETE,1 KG,101,309,101,06/05/2019,PAGADO
KADIMA. S.A,22/03/2019,8209338572,PANAMA,HONG KONG,PAQUETE,3 KG,150,310,150,06/05/2019,PAGADO
KADIMA. S.A,22/03/2019,6845520065,PANAMA,CHINA,PAQUETE,1 KG,101,311,101,06/05/2019,PAGADO
KADIMA. S.A,02/04/2019,5139926256,PANAMA,USA (MIAMI),DOCUMENTO,0.5 KG,32,329,32,06/05/2019,PAGADO
KADIMA. S.A,15/04/2019,1647071613,PANAMA,HONG KONG,PAQUETE,1 KG,89,359,89,06/05/2019,PAGADO
KADIMA. S.A,16/04/2019,2286440343,PANAMA,HONG KONG,PAQUETE,5 KGS,235,363,235,06/05/2019,PAGADO
KADIMA. S.A,17/04/2019,6463642894,PANAMA,HONG KONG,PAQUETE,8.5 KG,246,369,246,06/05/2019,PAGADO
KADIMA. S.A,17/04/2019,9781489841,PANAMA,USA (MIAMI),DOCUMENTO,0.5 KG,32,371,32,06/05/2019,PAGADO
KADIMA. S.A,22/04/2019,2175559676,PANAMA,USA (MIAMI),DOCUMENTO,0.5 KG ,32,378,32,06/05/2019,PAGADO
KADIMA. S.A,24/04/2019,2942861983,PANAMA,HONG KONG,PAQUETE,0.5 KG ,89,391,89,06/05/2019,PAGADO
KADIMA. S.A,24/04/2019,8089748855,PANAMA,HONG KONG,DOCUMENTO,0.5 KG ,48,392,48,06/05/2019,PAGADO
KADIMA. S.A,24/04/2019,2942871934,PANAMA,CHINA,DOCUMENTO,0.5 KG ,48,393,48,06/05/2019,PAGADO
KADIMA. S.A,29/04/2019,7577932795,PANAMA,HONG KONG,PAQUETE,1.5 KG,114,409,114,06/06/2019,PAGADO
KADIMA. S.A,29/04/2019,7577937533,PANAMA,HONG KONG,PAQUETE,5 KG,202,410,202,06/06/2019,PAGADO
KADIMA. S.A,29/04/2019,7577949223,PANAMA,INDIA,PAQUETE,5 KG,202,411,202,06/06/2019,PAGADO
KADIMA. S.A,02/05/2019,4789575221,PANAMA,HONG KONG,PAQUETE,3 KG,151,428,151,06/06/2019,PAGADO
KADIMA. S.A,02/05/2019,4789575534,PANAMA,HONG KONG,PAQUETE,1.5 KG ,114,429,114,06/06/2019,PAGADO
KADIMA. S.A,02/05/2019,4789579362,PANAMA,CHINA,PAQUETE,3 KG ,151,430,151,06/06/2019,PAGADO
KADIMA. S.A,16/05/2019,4071855454,PANAMA,HONG KONG,PAQUETE,1 KG ,102,478,102,06/06/2019,PAGADO
KADIMA. S.A,16/05/2019,4071856471,PANAMA,HONG KONG,PAQUETE,0.5 KG ,89,479,89,06/06/2019,PAGADO
KADIMA. S.A,21/05/2019,6524878216,PANAMA,HONG KONG,PAQUETE,0.5 KG ,89,494,89,03/07/2019,PAGADO
KADIMA. S.A,23/05/2019,4920211693,PANAMA,HONG KONG,PAQUETE,3 KG ,151,504,151,03/07/2019,PAGADO
KADIMA. S.A,23/05/2019,4920216324,PANAMA,HONG KONG,PAQUETE,3.5 KG ,163,505,163,03/07/2019,PAGADO
KADIMA. S.A,28/05/2019,4233636934,PANAMA,HONG KONG,PAQUETE,10 /20 kg vol,376,517,376,03/07/2019,PAGADO
KADIMA. S.A,28/05/2019,4233639826,PANAMA,HONG KONG,PAQUETE,10 /20 kg vol,376,518,376,03/07/2019,PAGADO
KADIMA. S.A,29/05/2019,4458321965,PANAMA,HONG KONG,PAQUETE,6 KG,202,528,202,03/07/2019,PAGADO
KADIMA. S.A,29/05/2019,4642939361,PANAMA,HONG KONG,PAQUETE,9.5 KG,251,529,251,03/07/2019,PAGADO
KADIMA. S.A,29/05/2019,4642942146,PANAMA,HONG KONG,PAQUETE,1.5 KG,114,530,114,03/07/2019,PAGADO
KADIMA. S.A,29/05/2019,4458349022,PANAMA,CHINA,PAQUETE,1.5 KG,114,531,114,03/07/2019,PAGADO
KADIMA. S.A,30/05/2019,3344327475,PANAMA,HONG KONG,PAQUETE,9 KG ,246,534,246,03/07/2019,PAGADO
KADIMA. S.A,30/05/2019,3344331211,PANAMA,CHINA,PAQUETE,12 KG ,281,535,281,03/07/2019,PAGADO
KADIMA. S.A,30/05/2019,2941118961,PANAMA,HONG KONG,PAQUETE,1.5 KG ,102,536,102,03/07/2019,PAGADO
KADIMA. S.A,20/06/2019,1473993124,PANAMA,H.KONG,PAQUETE,1.5 KG ,114,591,114,03/07/2019,PAGADO
KINGDA ZONA LIBRE,06/06/2019,8450560300,PANAMA,COLOMBIA,DOCUMENTO,0.5 KG ,25,547,25,18/07/2019,PAGADO
KINGDA ZONA LIBRE,06/06/2019,4629768102,PANAMA,COLOMBIA,DOCUMENTO,0.5 KG ,25,549,25,18/07/2019,PAGADO
KINGDA ZONA LIBRE,07/06/2019,7433086010,PANAMA,CHINA,PAQUETE,1 KG ,92,552,92,18/07/2019,PAGADO
KINGDA ZONA LIBRE,10/06/2019,1439722410,PANAMA,COLOMBIA,DOCUMENTO,0.5 KG ,25,560,25,18/07/2019,PAGADO
KINGDA ZONA LIBRE,11/06/2019,2173110531,PANAMA,GUATEMALA,DOCUMENTO,0.5 KG ,25,565,25,18/07/2019,PAGADO
KINGDA ZONA LIBRE,11/06/2019,7433821732,PANAMA,COLOMBIA,DOCUMENTO,0.5 KG ,25,570,25,18/07/2019,PAGADO
KINGDA ZONA LIBRE,12/06/2019,5009426295,PANAMA,CHINA ,PAQUETE,32 KG ,451,576,451,18/07/2019,PAGADO
KINGDA ZONA LIBRE,13/06/2019,9494558404,PANAMA,COLOMBIA ,PAQUETE,1 KG ,56,578,56,18/07/2019,PAGADO
KINGDA ZONA LIBRE,13/06/2019,4084815884,PANAMA,BUCARAMANG,PAQUETE,2 KG ,102,579,102,18/07/2019,PAGADO
KINGDA ZONA LIBRE,20/06/2019,9910108316,PANAMA,COLOMBIA,PAQUETE,2 KG ,70,607,70,18/07/2019,PAGADO
KINGDA ZONA LIBRE,20/06/2019,5029886260,PANAMA,GUATEMALA,PAQUETE,1.5 KG ,63,608,63,18/07/2019,PAGADO
KINGDA ZONA LIBRE,20/06/2019,5029891521,PANAMA,COLOMBIA ,PAQUETE,4.5 KG ,143,609,143,18/07/2019,PAGADO
KINGDA ZONA LIBRE,21/06/2019,1158634842,PANAMA,COLOMBIA,DOCUMENTO,0.5 KG ,25,612,25,18/07/2019,PAGADO
KINGDA ZONA LIBRE,21/06/2019,8336744312,PANAMA,CHINA,PAQUETE,0.5 KG ,81,613,81,18/07/2019,PAGADO
KINGDA ZONA LIBRE,21/08/2019,7041754731,PANAMA,HONDURAS,DOCUMENTOS,0.5 KG ,25,819,,,PENDIENTE
KINGDA ZONA LIBRE,21/08/2019,1093422212,PANAMA,COLOMBIA,PAQUETE ,0.5KG,49,821,,,PENDIENTE
KINGDA ZONA LIBRE,21/08/2019,1151191764,PANAMA,COLOMBIA,PAQUETE ,3KG ,82,822,,,PENDIENTE
KINGDA ZONA LIBRE,21/08/2019,1151195371,PANAMA,COSTA RICA,PAQUETE ,0.5 KG ,49,823,,,PENDIENTE
KINGDA ZONA LIBRE,11/01/2019,9990593955,PANAMA,HONDURAS,PAQUETE,0.5 KG,55,155,55,12/02/2019,PAGADO
KINGDA ZONA LIBRE,17/01/2019,2717549096,PANAMA,CHINA,PAQUETE,0.5 KG,89,163,89,12/02/2019,PAGADO
KINGDA ZONA LIBRE,23/01/2019,1451903552,COLON FREE ZONE,CHINA,PAQUETE,0.5 KGS,89,174,89,12/02/2019,PAGADO
KINGDA ZONA LIBRE,23/01/2019,1451908570,COLON FREE ZONE,CHINA,PAQUETE,0.5 KGS,120,175,120,12/02/2019,PAGADO
KINGDA ZONA LIBRE,23/01/2019,3629444943,COLON FREE ZONE,COLOMBIA,DOCUMENTO,0.5 KGS,26,176,26,12/02/2019,PAGADO
KINGDA ZONA LIBRE,23/01/2019,1451918462,COLON FREE ZONE,COLOMBIA,PAQUETE,1 KGS,62,177,62,12/02/2019,PAGADO
KINGDA ZONA LIBRE,24/01/2019,2330857491,COLON FREE ZONE,COLOMBIA,PAQUETE,1.5 KG,70,178,70,12/02/2019,PAGADO
KINGDA ZONA LIBRE,24/01/2019,2330872073,COLON FREE ZONE,CHINA,PAQUETE,0.5 KG,89,179,89,12/02/2019,PAGADO
KINGDA ZONA LIBRE,25/01/2019,1142553871,COLON FREE ZONE,COLOMBIA,PAQUETE,0.5 KG,86,181,86,12/02/2019,PAGADO
KINGDA ZONA LIBRE,25/01/2019,1056758275,COLON FREE ZONE,COLOMBIA,PAQUETE,1.5 KGS,70,183,70,12/02/2019,PAGADO
KINGDA ZONA LIBRE,28/01/2019,6309256155,COLON FREE ZONE,COLOMBIA,DOCUMENTO,0.5 KG,29,198,29,12/02/2019,PAGADO
KINGDA ZONA LIBRE,28/01/2019,1331339516,COLON FREE ZONE,COLOMBIA,PAQUETE,0.5 KG,55,199,55,12/02/2019,PAGADO
KINGDA ZONA LIBRE,30/01/2019,9168432346,COLON FREE ZONE,COLOMBIA,DOCUMENTO,0.5 KG,29,206,29,12/02/2019,PAGADO
KINGDA ZONA LIBRE,07/02/2019,2761851411,COLON FREE ZONE,COLOMBIA,DOCUMENTO,0.5 KG,26,215,26,26/02/2019,PAGADO
KINGDA ZONA LIBRE,07/02/2019,7003203082,COLON FREE ZONE,COLOMBIA,DOCUMENTO,0.5 KG,26,216,26,26/02/2019,PAGADO
KINGDA ZONA LIBRE,07/02/2019,7003231141,COLON FREE ZONE,COLOMBIA,DOCUMENTO,0.5 KG,26,218,26,26/02/2019,PAGADO
KINGDA ZONA LIBRE,02/04/2019,2065174134,COLON FREE ZONE,COLOMBIA,PAQUETE,0.5 KG,49,330,49,27/05/2019,PAGADO
KINGDA ZONA LIBRE,02/04/2019,3819783155,COLON FREE ZONE,COLOMBIA,DOCUMENTO,0.5 KG,25,331,25,27/05/2019,PAGADO
KINGDA ZONA LIBRE,03/04/2019,1612522133,COLON FREE ZONE,COLOMBIA,PAQUETE,0.5 KG,80,332,80,27/05/2019,PAGADO
KINGDA ZONA LIBRE,08/04/2019,7727765290,COLON FREE ZONE,COLOMBIA,DOCUMENTO,0.5 KG,25,343,25,27/05/2019,PAGADO
KINGDA ZONA LIBRE,09/04/2019,1636232920,COLON FREE ZONE,CHINA,PAQUETE,1 KG,91,346,91,27/05/2019,PAGADO
KINGDA ZONA LIBRE,09/04/2019,1645083624,COLON FREE ZONE,COLOMBIA,PAQUETE,2.5 KG,76,347,76,27/05/2019,PAGADO
KINGDA ZONA LIBRE,09/04/2019,9772606605,COLON FREE ZONE,COLOMBIA,DOCUMENTO,0.5 KG,25,348,25,27/05/2019,PAGADO
KINGDA ZONA LIBRE,15/04/2019,1647163372,PANAMA,CHINA,PAQUETE,0.5 KG,80,360,80,27/05/2019,PAGADO
KINGDA ZONA LIBRE,22/04/2019,6723107893,COLON FREE ZONE,COLOMBIA,DOCUMENTO,0.5 KG,25,380,25,27/05/2019,PAGADO
KINGDA ZONA LIBRE,22/04/2019,6723110903,COLON FREE ZONE,COLOMBIA,DOCUMENTO,0.5 KG,25,381,25,27/05/2019,PAGADO
KINGDA ZONA LIBRE,23/04/2019,9232550165,COLON FREE ZONE,COLOMBIA,DOCUMENTO,0.5 KG,25,382,25,27/05/2019,PAGADO
KINGDA ZONA LIBRE,23/04/2019,7716020174,COLON FREE ZONE,GUATEMALA,PAQUETE,4.5 KG ,100,388,100,27/05/2019,PAGADO
KINGDA ZONA LIBRE,24/04/2019,2154466790,COLON FREE ZONE,ECUADOR,PAQUETE,0.5 KG ,57,396,57,27/05/2019,PAGADO
KINGDA ZONA LIBRE,25/04/2019,6522099286,PANAMA,COLOMBIA,PAQUETE,0.5 KG ,56,400,56,27/05/2019,PAGADO
KINGDA ZONA LIBRE,25/04/2019,6522296432,COLON FREE ZONE,GUATEMALA,PAQUETE,0.5 KG ,56,402,56,27/05/2019,PAGADO
KINGDA ZONA LIBRE,29/04/2019,2587572153,PANAMA,CHINA,PAQUETE,1 KG,91,408,91,27/05/2019,PAGADO
KINGDA ZONA LIBRE,30/04/2019,2943053326,COLON FREE ZONE,COLOMBIA,PAQUETE,0.5 KG,56,414,56,27/05/2019,PAGADO
KINGDA ZONA LIBRE,30/04/2019,2943069172,COLON FREE ZONE,COLOMBIA,DOCUMENTO,0.5 KG ,25,415,25,27/05/2019,PAGADO
KINGDA ZONA LIBRE,30/04/2019,7276413664,COLON FREE ZONE,HONDURAS,DOCUMENTO,0.5 KG ,25,420,25,27/05/2019,PAGADO
KINGDA ZONA LIBRE,02/05/2019,2818395215,COLON FREE ZONE,COLOMBIA,DOCUMENTO,0.5 KG,25,425,25,27/05/2019,PAGADO
KINGDA ZONA LIBRE,08/05/2019,6779973841,COLON FREE ZONE,CHINA,PAQUETE,0.5 KG ,80,447,80,21/06/2019,PAGADO
KINGDA ZONA LIBRE,10/05/2019,5752696611,PANAMA,SANTO DOMINGO,DOCUMENTO,0.5 KG ,58,453,58,21/06/2019,PAGADO
KINGDA ZONA LIBRE,14/05/2019,5702168253,COLON FREE ZONE,COLOMBIA,DOCUMENTO,0.5 KG,25,467,25,21/06/2019,PAGADO
KINGDA ZONA LIBRE,15/05/2019,3741208306,COLON FREE ZONE,COLOMBIA,DOCUMENTO,0.5 KG,25,469,25,21/06/2019,PAGADO
KINGDA ZONA LIBRE,15/05/2019,3659246883,COLON FREE ZONE,COLOMBIA,DOCUMENTO,0.5 KG,25,470,25,21/06/2019,PAGADO
KINGDA ZONA LIBRE,15/05/2019,3659308133,COLON FREE ZONE,COLOMBIA,PAQUETE,12 KG ,151,472,151,21/06/2019,PAGADO
KINGDA ZONA LIBRE,17/05/2019,6501133866,COLON FREE ZONE,COLOMBIA,PAQUETE,3 KG ,82,480,82,21/06/2019,PAGADO
KINGDA ZONA LIBRE,17/05/2019,1560605465,COLON FREE ZONE,CHINA,PAQUETE,0.5 kg,91,481,91,21/06/2019,PAGADO
KINGDA ZONA LIBRE,23/05/2019,3051737356,COLON FREE ZONE,COLOMBIA,PAQUETE,1.5 kg ,62,503,62,21/06/2019,PAGADO
KINGDA ZONA LIBRE,24/05/2019,2762668414,COLON FREE ZONE,GUATEMALA,PAQUETE,2 KG ,69,509,69,21/06/2019,PAGADO
KINGDA ZONA LIBRE,24/05/2019,2762713903,COLON FREE ZONE,COLOMBIA,PAQUETE,2.5 KG ,107,510,107,21/06/2019,PAGADO
KINGDA ZONA LIBRE,24/05/2019,4819789645,COLON FREE ZONE,GUATEMALA,PAQUETE,2 KG ,70,511,70,21/06/2019,PAGADO
KINGDA ZONA LIBRE,27/05/2019,6406292174,COLON FREE ZONE,CHINA,PAQUETE,1 KG ,91,513,91,21/06/2019,PAGADO
KINGDA ZONA LIBRE,27/05/2019,6406300073,COLON FREE ZONE,COLOMBIA,DOCUMENTO,0.5 KG ,25,514,25,21/06/2019,PAGADO
KINGDA ZONA LIBRE,29/05/2019,2762462931,COLON FREE ZONE,CHINA,PAQUETE,1 KG ,91,521,91,21/06/2019,PAGADO
KINGDA ZONA LIBRE,29/05/2019,2762465753,COLON FREE ZONE,GUATEMALA,PAQUETE,1 KG ,56,522,56,21/06/2019,PAGADO
KINGDA ZONA LIBRE,29/05/2019,2762497183,COLON FREE ZONE,COLOMBIA,PAQUETE,0.5 KG,45,523,45,21/06/2019,PAGADO
KINGDA ZONA LIBRE,29/05/2019,4458291924,COLON FREE ZONE,COLOMBIA,DOCUMENTO,0.5 KG,25,526,25,21/06/2019,PAGADO
KINGDA ZONA LIBRE,31/05/2019,5900926345,COLON FREE ZONE,CHINA,PAQUETE,0.5 KG ,80,538,80,18/07/2019,PAGADO
KINGDA ZONA LIBRE,31/05/2019,6919898521,COLON FREE ZONE,GUATEMALA,DOCUMENTO,0.5 KG,25,540,25,18/07/2019,PAGADO
KINGDA ZONA LIBRE,14/06/2019,7013116670,PANAMA,CHINA,PAQUETE,0.5 KG,86,581,86,18/07/2019,PAGADO
KINGDA ZONA LIBRE,14/06/2019,9498939822,PANAMA,CHINA,PAQUETE,0.5 KG,86,582,86,18/07/2019,PAGADO
KINGDA ZONA LIBRE,21/06/2019,7446740490,PANAMA,SALVADOR,PAQUETE ,0.5 kg ,80,614,80,18/07/2019,PAGADO
KINGDA ZONA LIBRE,25/06/2019,5870640871,PANAMA,PARAGUAY,DOCUMENTOS,0.5 KG,34,625,34,18/07/2019,PAGADO
KINGDA ZONA LIBRE,02/07/2019,6322877050,PANAMA,CHINA,PAQUETE,1.0 KG / 1.5 KG,92,646,92,21/08/2019,PAGADO
KINGDA ZONA LIBRE,03/07/2019,2253852440,PANAMA,COLOMBIA,PAQUETE,0.5 KG,80,647,80,21/08/2019,PAGADO
KINGDA ZONA LIBRE,03/07/2019,2989893841,PANAMA,COLOMBIA,DOCUMENTOS,0.5 KG,25,648,25,21/08/2019,PAGADO
KINGDA ZONA LIBRE,04/07/2019,3590692265,PANAMA,COLOMBIA,DOCUMENTOS,0.5 KG,25,649,25,21/08/2019,PAGADO
KINGDA ZONA LIBRE,04/07/2019,3590730651,PANAMA,GUATEMALA,PAQUETE,0.5 KG ,49,651,49,21/08/2019,PAGADO
KINGDA ZONA LIBRE,05/07/2019,4547679780,PANAMA,COLOMBIA,PAQUETE,5 KG ,106,657,106,21/08/2019,PAGADO
KINGDA ZONA LIBRE,05/07/2019,4547681876,PANAMA,COLOMBIA,DOCUMENTOS,0.5KG ,25,658,25,21/08/2019,PAGADO
KINGDA ZONA LIBRE,05/07/2019,9300147931,PANAMA,CHINA,PAQUETE,0.5 KG ,81,659,81,21/08/2019,PAGADO
KINGDA ZONA LIBRE,08/07/2019,9661795791,PANAMA,COLOMBIA,PAQUETE,0.5 KG ,49,660,49,21/08/2019,PAGADO
KINGDA ZONA LIBRE,08/07/2019,3540960824,PANAMA,COLOMBIA,PAQUETE,1.5 KG ,63,662,63,21/08/2019,PAGADO
KINGDA ZONA LIBRE,11/07/2019,6563797881,PANAMA,COLOMBIA,DOCUMENTOS,0.5 KG,25,677,25,21/08/2019,PAGADO
KINGDA ZONA LIBRE,15/07/2019,3877745896,PANAMA,CHINA,PAQUETE,0.5 KG,81,690,81,21/08/2019,PAGADO
KINGDA ZONA LIBRE,16/07/2019,2129490086,PANAMA,COLOMBIA,DOCUMENTOS,0.5 KG,25,693,25,21/08/2019,PAGADO
KINGDA ZONA LIBRE,16/07/2019,5034367612,PANAMA,GUATEMALA,PAQUETE,0.5 KG,49,694,49,21/08/2019,PAGADO
KINGDA ZONA LIBRE,16/07/2019,5034370353,PANAMA,COLOMBIA,PAQUETE,0.5 KG,25,695,25,21/08/2019,PAGADO
KINGDA ZONA LIBRE,18/07/2019,8981267562,PANAMA,GUATEMALA,PAQUETE,0.5 KG,49,699,49,21/08/2019,PAGADO
KINGDA ZONA LIBRE,18/07/2019,7524711946,PANAMA,CHINA,PAQUETE,0.5 KG,81,700,81,21/08/2019,PAGADO
KINGDA ZONA LIBRE,18/07/2019,7524715446,PANAMA,GUATEMALA,PAQUETE,0.5 KG,49,701,49,21/08/2019,PAGADO
KINGDA ZONA LIBRE,18/07/2019,7524848030,PANAMA,CHINA,PAQUETE,0.5 KG,81,703,81,21/08/2019,PAGADO
KINGDA ZONA LIBRE,19/07/2019,3337455796,PANAMA,COLOMBIA,PAQUETE,1 KG,86,705,86,21/08/2019,PAGADO
KINGDA ZONA LIBRE,25/07/2019,1958760963,PANAMA,GUATEMALA,PAQUETE,0.5 KG,49,717,49,21/08/2019,PAGADO
KINGDA ZONA LIBRE,26/07/2019,5494337236,PANAMA,COLOMBIA,PAQUETE,3.5 KG,88,719,88,21/08/2019,PAGADO
KINGDA ZONA LIBRE,26/07/2019,3381082692,PANAMA,COLOMBIA,PAQUETE,0.5 KG,25,721,25,21/08/2019,PAGADO
KINGDA ZONA LIBRE,29/07/2019,4046483361,PANAMA,REP. DOM,PAQUETE,0.5 KG,80,726,80,21/08/2019,PAGADO
KINGDA ZONA LIBRE,29/07/2019,4046488585,PANAMA,COLOMBIA,PAQUETE,0.5 KG,49,727,49,21/08/2019,PAGADO
KINGDA ZONA LIBRE,30/07/2019,4045904726,PANAMA,COLOMBIA,PAQUETE,0.5 KG,49,728,49,21/08/2019,PAGADO
KINGDA ZONA LIBRE,30/07/2019,1786875495,PANAMA,GUATEMALA,PAQUETE,1.5 KG,63,729,63,21/08/2019,PAGADO
KINGDA ZONA LIBRE,01/08/2019,3302997972,PANAMA,COLOMBIA,DOCUMENTOS,0.5 KG,25,750,,,PENDIENTE
KINGDA ZONA LIBRE,05/08/2019,3271992754,PANAMA,COLOMBIA,PAQUETE,4.5 KG,130,764,,,PENDIENTE
KINGDA ZONA LIBRE,05/08/2019,1759748314,PANAMA,COLOMBIA,DOCUMENTOS,0.5 KG,25,765,,,PENDIENTE
KINGDA ZONA LIBRE,05/08/2019,1759758840,PANAMA,REP.DOMINIC,PAQUETE,0.5 KG,79,766,,,PENDIENTE
KINGDA ZONA LIBRE,08/08/2019,6969346451,PANAMA,GUATEMALA,PAQUETE,0.5 KG,49,777,,,PENDIENTE
KINGDA ZONA LIBRE,14/08/2019,3464743590,PANAMA,CHINA,PAQUETE,0.5 KG,80,801,,,PENDIENTE
KINGDA ZONA LIBRE,16/08/2019,2721457373,PANAMA,CHINA,PAQUETE,0.5 KG,80,809,,,PENDIENTE
KINGDA ZONA LIBRE,16/08/2019,3654589072,PANAMA,HONDURAS,DOCUMENTOS,0.5 KG,25,810,,,PENDIENTE
KINGDA ZONA LIBRE,16/08/2019,5988874964,PANAMA,CHINA,PAQUETE,1.0 KG,55,813,,,PENDIENTE
KINGDA ZONA LIBRE,12/08/2019,9353011054,PANAMA,COLOMBIA,DOCUMENTOS,0.5 KG,25,796,,,PENDIENTE
KINGDA ZONA LIBRE,12/08/2019,3146724033,PANAMA,NICARAGUA,PAQUETE,0.5 KG,49,797,,,PENDIENTE
KOR FREIGHT SOLUTIONS / AGUA ASEO. S.A.,03/01/2019,2726282650,MEXICO,COLON FREE  ZONE,PAQUETE,25 KGS,397,141,397,11/01/2019,PAGADO
KOR FREIGHT SOLUTIONS / AGUA ASEO. S.A.,11/02/2019,3347538246,USA (MIAMI),PANAMA,PAQUETE,25 KGS,356,223,356,18/02/2019,PAGADO
KOWA TSUSHO. S.A.,11/12/2018,1414216053,PANAMA,JAPON,DOCUMENTO,0.5 KGS,54,113,54,14/12/2018,PAGADO
KRYSTAL LOGISTICS PANAMA,28/01/2019,6309278765,PANAMA,TRINIDAD,DOCUMENTO,0.5 KGS,39,200,39,26/02/2019,PAGADO
KRYSTAL LOGISTICS PANAMA,07/02/2019,8413998154,PANAMA,USA (MIAMI),DOCUMENTO,0.5 KG,28,219,28,26/02/2019,PAGADO
KRYSTAL LOGISTICS PANAMA,22/03/2019,4891972761,ITALIA,PANAMA,PAQUETE,12  KGS,382,304,382,27/03/2019,PAGADO
KRYSTAL LOGISTICS PANAMA,21/03/2019,5110090462,MEXICO,PANAMA,PAQUETE,71 KGS,620,306,620,27/03/2019,PAGADO
KURT MENZEL ,15/01/2019,9035819074,PANAMA,USA,PAQUETE,0.5 KG,63,158,63,01/02/2019,PAGADO
LABORATORIOS PRIETO,29/10/2018,2080277636,BOGOTA,PANAMA,PAQUETE,37.61 KGS,469,44,469,07/11/2018,PAGADO
LISBETH GARCIA,27/02/2019,3313261442,PANAMA,USA (MIAMI),DOCUMENTO,0.5 KGS,38,260,38,28/02/2019,PAGADO
LUIS A DE SEDAS / 3P MAINTENANCE CONSULTANTS,13/03/2019,2239682480,PANAMA,USA (REST),PAQUETE,18.5 KGS,244,282,244,04/04/2019,PAGADO
LUIS AVILA ,18/06/2019,3996405081,PANAMA,USA,PAQUETE,1 KG ,117,599,117,20/06/2019,PAGADO
MECAR SUPPLIES CORP,07/06/2019,7433238816,PANAMA,USA ,PAQUETE,0.5 KG ,53,555,53,22/07/2019,PAGADO
MECAR SUPPLIES CORP,07/06/2019,5106732595,PANAMA,USA ,PAQUETE,3.5KG ,101,556,101,22/07/2019,PAGADO
MECAR SUPPLIES CORP,10/06/2019,6884663730,PANAMA,USA ,PAQUETE,2.5KG,87,559,87,22/07/2019,PAGADO
MECAR SUPPLIES CORP,17/06/2019,1120632181,PANAMA,USA,PAQUETE,2 KG ,79,598,79,05/08/2019,PAGADO
MECAR SUPPLIES CORP,14/06/2019,6468328241,PANAMA,USA,PAQUETE,4.0 KG,114,586,114,22/07/2019,PAGADO
MECAR SUPPLIES CORP,21/06/2019,6794582012,PANAMA,USA,PAQUETE ,1.5 KG ,69,615,69,05/08/2019,PAGADO
MECAR SUPPLIES CORP,25/06/2019,5870670271,PANAMA,USA,PAQUETE,10 KG,235,626,235,31/07/2019,PAGADO
MECAR SUPPLIES CORP,09/07/2019,3540978081,PANAMA,USA ,PAQUETE,1 KG ,61,663,,,PENDIENTE
MECAR SUPPLIES CORP,14/08/2019,2557635522,PANAMA,USA,PAQUETE,2.0 KG,78,803,,,PENDIENTE
MECAR SUPPLIES CORP,14/08/2019,2557647945,PANAMA,USA,PAQUETE,2.5 KG,86,804,,,PENDIENTE
MECAR SUPPLIES CORP,15/03/2019,4511323235,PANAMA,USA (REST),PAQUETE,4.5 KG,113,286,113,28/03/2019,PAGADO
MECAR SUPPLIES CORP,15/03/2019,7201296454,PANAMA,USA (REST),PAQUETE,0.5 KG,53,287,53,28/03/2019,PAGADO
MECAR SUPPLIES CORP,16/04/2019,2220554206,PANAMA,USA (MIAMI),PAQUETE,14.5 KGS,188,362,188,06/06/2019,PAGADO
MECAR SUPPLIES CORP,16/04/2019,2286533465,PANAMA,USA (REST),PAQUETE,6.5 KGS,140,365,140,06/06/2019,PAGADO
MECAR SUPPLIES CORP,25/04/2019,8307445473,PANAMA,USA (REST),PAQUETE,0.5 KG ,53,398,53,06/06/2019,PAGADO
MECAR SUPPLIES CORP,25/04/2019,8307457970,PANAMA,USA (REST),PAQUETE,1.5 KG ,69,399,69,06/06/2019,PAGADO
MECAR SUPPLIES CORP,07/05/2019,6557650470,PANAMA,USA (REST),PAQUETE,1.5 kg ,120,441,120,21/06/2019,PAGADO
MECAR SUPPLIES CORP,07/05/2019,6557655182,PANAMA,USA (REST),PAQUETE,0.5 KG ,88,442,88,21/06/2019,PAGADO
MECAR SUPPLIES CORP,07/05/2019,6188120923,PANAMA,USA (REST),PAQUETE,0.5 KG,70,443,70,21/06/2019,PAGADO
MECAR SUPPLIES CORP,10/05/2019,5752703423,PANAMA,USA (REST),PAQUETE,9 KG ,146,454,146,21/06/2019,PAGADO
MECAR SUPPLIES CORP,21/05/2019,2814365573,PANAMA,USA (REST),PAQUETE,0.5 KG ,51,493,51,21/06/2019,PAGADO
MEDIMEX,18/01/2019,1523919552,ECUADOR,PANAMA,PAQUETE,5 KG,177,165,177,06/02/2019,PAGADO
MEDIMEX,21/02/2019,5378901426,VIETNAM,PANAMA,PAQUETE,11 KGS,386,247,386,07/03/2019,PAGADO
MEDIMEX,21/08/2019,6464720150,TAILANDIA,PANAMA,PAQUETE,4KG/ 1 KG ,184,818,,,PENDIENTE
MIA EXPRESS LOGISTICS,18/01/2019,2359064374,MEXICO,PANAMA,PAQUETE,4 KG,142,169,142,07/02/2019,PAGADO
MIA EXPRESS LOGISTICS,09/07/2019,5372403805,PANAMA,USA ,PAQUETE,1.5 KG ,77,667,,,PENDIENTE
MIA EXPRESS LOGISTICS,23/07/2019,8415301930,PANAMA,VENEZUELA,PAQUETE,0.5 KG,94,714,,,PENDIENTE
MIA EXPRESS LOGISTICS,30/07/2019,1786871645,PANAMA,MEXICO,PAQUETE,1.0  KG,75,736,,,PENDIENTE
MIA EXPRESS LOGISTICS,30/07/2019,4045956622,PANAMA,MEXICO,PAQUETE,1.0  KG,75,737,,,PENDIENTE
MIA EXPRESS LOGISTICS,30/07/2019,1786880071,PANAMA,MEXICO,PAQUETE,1.0  KG,75,738,,,PENDIENTE
MIA EXPRESS LOGISTICS,30/07/2019,1786881670,PANAMA,MEXICO,PAQUETE,1.0  KG,75,739,,,PENDIENTE
MIA EXPRESS LOGISTICS,30/07/2019,4045963530,PANAMA,MEXICO,PAQUETE,1.0  KG,75,740,,,PENDIENTE
MIA EXPRESS LOGISTICS,30/07/2019,1786884702,PANAMA,MEXICO,PAQUETE,1.0  KG,75,741,,,PENDIENTE
MIA EXPRESS LOGISTICS,30/07/2019,1786886312,PANAMA,MEXICO,PAQUETE,1.0  KG,75,742,,,PENDIENTE
MIA EXPRESS LOGISTICS,30/07/2019,4045969992,PANAMA,MEXICO,PAQUETE,1.0  KG,75,743,,,PENDIENTE
MIA EXPRESS LOGISTICS,12/04/2019,2130112740,PANAMA,FRANCIA,PAQUETE,9.5 KGS,215,353,215,30/04/2019,PAGADO
MIA EXPRESS LOGISTICS,27/12/2019,8992458941,COLOMBIA,PANAMA,DOCUMENTO,0.5 KGS,32,132,230,28/12/2019,PAGADO
MIA EXPRESS LOGISTICS,04/01/2019,6477216130,COLON FREE ZONE,COLOMBIA,PAQUETE,43 KGS,427,146,427,07/02/2019,PAGADO
NAIMAN GROUP LTD CORP,10/01/2019,4676765343,PANAMA,SWITZERLAND,DOCUMENTO,0.5KG,50,154,50,24/01/2019,PAGADO
NAIMAN GROUP LTD CORP,18/01/2019,2359037645,PANAMA,CYPRUS,DOCUMENTO,0.5 KG,50,168,50,18/02/2019,PAGADO
NAIMAN GROUP LTD CORP,18/06/2019,6978996021,PANAMA,SURICH,DOCUMENTO,0.5 KG ,50,601,50,11/07/2019,PAGADO
NAIMAN GROUP LTD CORP,08/07/2019,3153545275,PANAMA,SWITZERLAND,DOCUMENTOS,0.5 KG ,50,661,50,25/07/2019,PAGADO
NAIMAN GROUP LTD CORP,27/06/2019,5156265612,PANAMA,Switzerland,DOCUMENTOS,0.5 KG,50,637,50,25/07/2019,PAGADO
NAIMAN GROUP LTD CORP,11/07/2019,5878505264,PANAMA,SWITZERLAND,DOCUMENTOS,0.5 KG,50,672,50,19/08/2019,PAGADO
NAIMAN GROUP LTD CORP,23/07/2019,1140103974,PANAMA,SWITZERLAND,DOCUMENTOS,0.5 KG,50,709,50,19/08/2019,PAGADO
NAIMAN GROUP LTD CORP,02/08/2019,8080294143,PANAMA,SWITZERLAND,DOCUMENTOS,0.5 KG,49,753,,,PENDIENTE
NAIMAN GROUP LTD CORP,08/08/2019,3050785522,PANAMA,SWITZERLAND,DOCUMENTOS,1 KG,63,776,,,PENDIENTE
NAIMAN GROUP LTD CORP,12/08/2019,9352963211,PANAMA,SWITZERLAND,DOCUMENTOS,0.5 KG,60,794,,,PENDIENTE
NAIMAN GROUP LTD CORP,14/08/2019,2557619691,PANAMA,SWITZERLAND,DOCUMENTOS,0.5 KG,49,802,,,PENDIENTE
NAIMAN GROUP LTD CORP,22/08/2019,6102357273,PANAMA,SWITZERLAND,DOCUMENTOS,0.5 KG,49,826,,,PENDIENTE
NAIMAN GROUP LTD CORP,05/12/2018,6423782746,PANAMA,CYPRUS,DOCUMENTO,0.5 KGS,53,100,53,18/12/2018,PAGADO
NAIMAN GROUP LTD CORP,06/12/2018,1581151235,PANAMA,KOREA,DOCUMENTO,0.5 KGS,57,99,57,18/12/2018,PAGADO
NAIMAN GROUP LTD CORP,10/12/2018,6285403261,PANAMA,CYPRUS,PAQUETE,0.5 KGS,49,106,49,04/01/2019,PAGADO
NAIMAN GROUP LTD CORP,11/12/2018,4756212263,PANAMA,SWITZERLAND,DOCUMENTO,0.5 KGS,45,111,45,04/01/2019,PAGADO
NAIMAN GROUP LTD CORP,18/12/2018,4574834854,PANAMA,SWITZERLAND,DOCUMENTO,0.5 KGS,53,124,53,04/01/2019,PAGADO
NAIMAN GROUP LTD CORP,19/12/2018,1011705822,PANAMA,TURQUIA,DOCUMENTO,0.5 KGS,49,127,49,04/01/2019,PAGADO
NAIMAN GROUP LTD CORP,21/12/2018,8457266031,PANAMA,CYPRUS,DOCUMENTO,0.5 KGS,49,129,49,04/01/2019,PAGADO
NAIMAN GROUP LTD CORP,03/01/2019,5743373064,PANAMA,SWITZERLAND,DOCUMENTO,0.5 KGS,50,142,50,24/01/2019,PAGADO
NAIMAN GROUP LTD CORP,25/01/2019,2330882794,PANAMA,RUSIA,DOCUMENTO,0.5 KG,53,180,53,20/02/2019,PAGADO
NAIMAN GROUP LTD CORP,29/01/2019,9930369960,PANAMA,SWITZERLAND,DOCUMENTO,0.5 KGS,50,203,50,18/02/2019,PAGADO
NAIMAN GROUP LTD CORP,07/02/2019,7003219252,PANAMA,ESTONIA,DOCUMENTO,0.5 KG,80,217,80,18/02/2019,PAGADO
NAIMAN GROUP LTD CORP,12/02/2019,4909167572,PANAMA,SWITZERLAND,DOCUMENTO,0.5 KG,49,228,49,20/02/2019,PAGADO
NAIMAN GROUP LTD CORP,14/02/2019,1295431896,PANAMA,UKRAINE,DOCUMENTO,0.5 KGS,49,232,49,01/03/2019,PAGADO
NAIMAN GROUP LTD CORP,19/02/2019,9631016581,PANAMA,LIECHTENSTEIN,DOCUMENTO,0.5 KGS,49,242,49,07/03/2019,PAGADO
NAIMAN GROUP LTD CORP,07/03/2019,9555958650,PANAMA,RUSIA,DOCUMENTO,0.5 KGS,46,274,46,15/03/2019,PAGADO
NAIMAN GROUP LTD CORP,11/03/2019,2301363470,PANAMA,SWITZERLAND,DOCUMENTO,0.5 KG,49,280,49,25/03/2019,PAGADO
NAIMAN GROUP LTD CORP,19/03/2019,3797084815,PANAMA,SWITZERLAND,DOCUMENTO,0.5 KG,49,300,49,05/04/2019,PAGADO
NAIMAN GROUP LTD CORP,25/03/2019,1739275860,PANAMA,NEW ZEALAND,DOCUMENTO,0.5 KG,73,313,73,05/04/2019,PAGADO
NAIMAN GROUP LTD CORP,12/04/2019,5382864266,PANAMA,SWITZERLAND,DOCUMENTO,0.5 KG,50,356,50,07/05/2019,PAGADO
NAIMAN GROUP LTD CORP,12/04/2019,5382877065,PANAMA,MONACO,DOCUMENTO,0.5 KG,50,357,50,07/05/2019,PAGADO
NAIMAN GROUP LTD CORP,17/04/2019,6345036552,PANAMA,RUSIA,DOCUMENTO,0.5 KG,69,375,69,07/05/2019,PAGADO
NAIMAN GROUP LTD CORP,22/04/2019,6723117590,PANAMA,HONG KONG,DOCUMENTO,0.5 KG ,53,383,53,07/05/2019,PAGADO
NAIMAN GROUP LTD CORP,23/04/2019,9232646636,PANAMA,SWITZERLAND,DOCUMENTO,0.5 KG ,50,389,50,07/05/2019,PAGADO
NAIMAN GROUP LTD CORP,02/05/2019,2818380025,PANAMA,SWITZERLAND,DOCUMENTO,0.5 KG ,50,424,50,14/06/2019,PAGADO
NAIMAN GROUP LTD CORP,10/05/2019,6777121223,PANAMA,SWITZERLAND,DOCUMENTO,0.5 KG ,50,455,50,14/06/2019,PAGADO
NAIMAN GROUP LTD CORP,17/05/2019,2526131661,BULGARIA,PANAMA,DOCUMENTO,0.5 KG ,70,475,70,14/06/2019,PAGADO
NAIMAN GROUP LTD CORP,29/05/2019,1904379046,PANAMA,CYPRUS,DOCUMENTO,0.5 KG,50,520,50,14/06/2019,PAGADO
NAIMAN GROUP LTD CORP,29/05/2019,1904456923,PANAMA,SWITZERLAND,DOCUMENTO,0.5 KG,50,525,50,14/06/2019,PAGADO
NAUTICAL MARINE SERVICES INC,21/10/2018,1966155354,USA,PANAMA,DOCUMENTO,0.5 KGS,38,31,47,23/10/2018,PAGADO
NAUTICAL MARINE SERVICES INC,04/12/2018,4534101051,MIAMI / USA,PANAMA,DOCUMENTO,0.5 KGS,47,98,47,05/12/2018,PAGADO
NAUTICAL MARINE SERVICES INC,17/07/2019,3380740580,PANAMA,ECUADOR,DOCUMENTOS,0.5 KG,39,697,39,20/08/2019,PAGADO
NAUTICAL MARINE SERVICES INC,25/10/2018,6699750993,PANAMA,TURQUIA,DOCUMENTO,0.5 KGS,53,40,53,,PENDIENTE
NAUTICAL MARINE SERVICES INC,04/01/2019,3746648581,USA (MIAMI),PANAMA,DOCUMENTO,0.5 KGS,47,145,47,08/01/2019,PAGADO
NAUTICAL MARINE SERVICES INC,01/03/2019,4113955915,USA (MIAMI),PANAMA,DOCUMENTO,0.5 KGS,46,270,46,12/03/2019,PAGADO
NAUTICAL MARINE SERVICES INC,08/03/2019,1138689613,PANAMA,GRECE,DOCUMENTO,0.5 KGS,49,276,49,12/03/2019,PAGADO
NAUTICAL MARINE SERVICES INC,09/03/2019,7110123871,PANAMA,UNITED KINDOM,DOCUMENTO,0.5 KGS,49,277,49,12/03/2019,PAGADO
NAUTICAL MARINE SERVICES INC,15/03/2019,4511245620,PANAMA,HONDURAS,PAQUETE,0.5 KG,59,284,59,19/03/2019,PAGADO
NAUTICAL MARINE SERVICES INC,20/03/2019,3183381132,PANAMA,SANTO DOMINGO,DOCUMENTO,0.5 KG,28,302,28,01/04/2019,PAGADO
NAUTICAL MARINE SERVICES INC,25/04/2019,6522304320,PANAMA,VENEZUELA,DOCUMENTO,0.5 KG ,69,405,69,16/05/2019,PAGADO
NOVATRON ZONA LIBRE. S.A.,27/06/2019,7303769395,PANAMA,DINAMARCA,DOCUMENTOS,0.5 KG,59,638,59,11/07/2019,PAGADO
NOVATRON ZONA LIBRE. S.A.,15/07/2019,2129501393,PANAMA,DUBAI,DOCUMENTOS,0.5 KG,81,692,81,31/07/2019,PAGADO
NOVATRON ZONA LIBRE. S.A.,15/05/2019,3741335161,COLON FREE ZONE,COSTA RICA,DOCUMENTO,0.5 KG ,36,473,36,04/06/2019,PAGADO
NUTRIMED PANAMA,06/06/2019,3350130335,PANAMA,COSTA RICA ,DOCUMENTO,0.5 KG ,32,548,32,29/07/2019,PAGADO
NUTRIMED PANAMA,11/07/2019,9300856961,PANAMA,ECUADOR,DOCUMENTOS,0.5 KG,73,678,73,29/07/2019,PAGADO
NUTRIMED PANAMA,24/07/2019,7158545133,PANAMA,COSTA RICA,DOCUMENTOS,0.5 KG,36,715,,,PENDIENTE
NUTRIMED PANAMA,06/11/2018,1449770206,PANAMA,USA,DOCUMENTO,0.5 KGS,37,53,37,21/11/2018,PAGADO
NUTRIMED PANAMA,22/11/2018,8260547153,PANAMA,USA,DOCUMENTO,0.5 KGS,37,81,37,12/12/2018,PAGADO
NUTRIMED PANAMA,14/12/2018,1470351411,PANAMA,MUMBAI, INDIA,DOCUMENTO,0.5 KGS,57,119,57,11/01/2019,PAGADO
NUTRIMED PANAMA,14/12/2018,1470372536,PANAMA,ARGENTINA,DOCUMENTO,0.5 KGS,41,120,41,11/01/2019,PAGADO
NUTRIMED PANAMA,31/01/2019,7237922893,PANAMA,COSTA RICA,DOCUMENTO,0.5 KGS,31,208,31,13/02/2019,PAGADO
NUTRIMED PANAMA,05/02/2019,3371809022,PANAMA,CHILE,DOCUMENTO,0.5 KG,41,213,41,25/02/2019,PAGADO
NUTRIMED PANAMA,15/03/2019,5392939495,PANAMA,GRECE,DOCUMENTO,0.5 KG,54,283,54,28/03/2019,PAGADO
NUTRIMED PANAMA,25/03/2019,4711190326,PANAMA,COSTA RICA,PAQUETE,0.5 KG,65,314,65,11/04/2019,PAGADO
NUTRIMED PANAMA,02/04/2019,5139913413,PANAMA,CHILE,DOCUMENTO,0.5 KG,42,328,42,26/04/2019,PAGADO
NUTRIMED PANAMA,25/04/2019,6522302102,PANAMA,USA (REST),DOCUMENTO,0.5 KG ,38,404,38,04/06/2019,PAGADO
NUTRIMED PANAMA,03/05/2019,7124693402,PANAMA,COSTA RICA,PAQUETE,38 KG,391,432,391,04/06/2019,PAGADO
NUTRIMED PANAMA,09/05/2019,7724731980,PANAMA,COSTA RICA,DOCUMENTO,0.5 KG ,31,451,31,04/06/2019,PAGADO
NUTRIMED PANAMA,08/08/2019,3050799441,PANAMA,REP.DOMINIC,DOCUMENTOS,0.5 KG,31,778,,,PENDIENTE
NUTRIMED PANAMA,14/08/2019,3464682841,PANAMA,COSTA RICA,5 PAQUETE,40.KG,578,800,,,PENDIENTE
OEI - PANAMA BILINGUE,07/06/2019,5106609690,PANAMA,USA ,DOCUMENTO,0.5 KG ,38,553,,,PENDIENTE
OEI - PANAMA BILINGUE,12/06/2019,7354154861,PANAMA,USA ,DOCUMENTO,0.5 KG ,38,572,,,PENDIENTE
OEI - PANAMA BILINGUE,12/06/2019,9790697641,PANAMA,U.KINGDO,DOCUMENTO,0.5 KG ,54,573,,,PENDIENTE
OEI - PANAMA BILINGUE,20/06/2019,9910221532,PANAMA,USA,DOCUMENTO,0.5 KG ,38,610,,,PENDIENTE
OEI - PANAMA BILINGUE,04/07/2019,4547811516,PANAMA,U. KINGDON,DOCUMENTOS,0.5 KG ,54,653,,,PENDIENTE
OEI - PANAMA BILINGUE,04/07/2019,4547844280,PANAMA,CANADA ,DOCUMENTOS,0.5 KG ,38,654,,,PENDIENTE
OEI - PANAMA BILINGUE,10/07/2019,7416368551,PANAMA,USA,DOCUMENTOS,0.5 KG ,38,670,,,PENDIENTE
OEI - PANAMA BILINGUE,18/07/2019,8981336722,PANAMA,UNITE KINDOM,DOCUMENTOS,0.5 KG,54,702,,,PENDIENTE
OEI - PANAMA BILINGUE,23/10/2018,6163037145,PANAMA,USA,PAQUETE,0.5 KGS,66,35,66,,PENDIENTE
OEI - PANAMA BILINGUE,11/12/2018,1456423032,PANAMA,UNITED KINDOM,PAQUETE,0.5 KGS,92,59,92,,PENDIENTE
OEI - PANAMA BILINGUE,18/01/2019,4766813951,PANAMA,CANADA,DOCUMENTO,0.5 KG,48,166,48,22/03/2019,PAGADO
OEI - PANAMA BILINGUE,28/01/2019,6331146006,PANAMA,CANADA,DOCUMENTO,0.5 KGS,38,184,38,22/03/2019,PAGADO
OEI - PANAMA BILINGUE,28/01/2019,6331166494,PANAMA,CANADA,DOCUMENTO,0.5 KGS,38,185,38,22/03/2019,PAGADO
OEI - PANAMA BILINGUE,28/01/2019,1056741103,PANAMA,USA (REST),DOCUMENTO,0.5 KGS,38,186,38,22/03/2019,PAGADO
OEI - PANAMA BILINGUE,28/01/2019,6331196756,PANAMA,UNITED KINDOM,DOCUMENTO,0.5 KGS,54,187,54,22/03/2019,PAGADO
OEI - PANAMA BILINGUE,28/01/2019,6331207816,PANAMA,USA (REST),DOCUMENTO,0.5 KGS,38,188,38,22/03/2019,PAGADO
OEI - PANAMA BILINGUE,28/01/2019,6331210465,PANAMA,USA (REST),DOCUMENTO,0.5 KGS,38,189,38,22/03/2019,PAGADO
OEI - PANAMA BILINGUE,28/01/2019,2325624210,PANAMA,USA (REST),DOCUMENTO,0.5 KGS,38,191,38,22/03/2019,PAGADO
OEI - PANAMA BILINGUE,28/01/2019,9558350583,PANAMA,UNITED KINDOM,DOCUMENTO,0.5 KGS,54,193,54,22/03/2019,PAGADO
OEI - PANAMA BILINGUE,28/01/2019,1331322952,PANAMA,USA (REST),DOCUMENTO,0.5 KGS,38,194,38,22/03/2019,PAGADO
OEI - PANAMA BILINGUE,28/01/2019,1331324470,PANAMA,CANADA,DOCUMENTO,0.5 KGS,38,195,38,22/03/2019,PAGADO
OEI - PANAMA BILINGUE,28/01/2019,1331326426,PANAMA,USA (REST),DOCUMENTO,0.5 KGS,38,196,38,22/03/2019,PAGADO
OEI - PANAMA BILINGUE,28/01/2019,6309248422,PANAMA,UNITED KINDOM,DOCUMENTO,1.5 KGS,96,197,96,22/03/2019,PAGADO
OEI - PANAMA BILINGUE,08/02/2019,3216395265,PANAMA,USA (REST),DOCUMENTO,0.5 KG,38,221,38,22/03/2019,PAGADO
OEI - PANAMA BILINGUE,11/02/2019,3347523325,PANAMA,UNITED KINDOM,DOCUMENTO,0.5 KG,53,225,53,22/03/2019,PAGADO
OEI - PANAMA BILINGUE,12/02/2019,2186327161,PANAMA,UNITED KINDOM,DOCUMENTO,0.5 KG,53,226,53,22/03/2019,PAGADO
OEI - PANAMA BILINGUE,20/02/2019,5378841915,PANAMA,UNITED KINDOM,DOCUMENTO,0.5 KG,53,246,53,22/03/2019,PAGADO
OEI - PANAMA BILINGUE,28/02/2019,1622310421,PANAMA,UNITED KINDOM,DOCUMENTO,0.5 KG,53,269,53,29/04/2019,PAGADO
OEI - PANAMA BILINGUE,08/03/2019,7109968983,PANAMA,USA (REST),DOCUMENTO,0.5 KGS,38,275,38,29/04/2019,PAGADO
OEI - PANAMA BILINGUE,18/03/2019,6405511630,PANAMA,UNITED KINDOM,DOCUMENTO,0.5 KG,54,294,54,29/04/2019,PAGADO
OEI - PANAMA BILINGUE,18/03/2019,3898305563,PANAMA,USA (REST),DOCUMENTO,0.5 KG,38,295,38,29/04/2019,PAGADO
OEI - PANAMA BILINGUE,21/03/2019,2166530693,PANAMA,USA (REST),DOCUMENTO,0.5 KG,38,307,38,29/04/2019,PAGADO
OEI - PANAMA BILINGUE,28/03/2019,5811287134,PANAMA,USA (REST),DOCUMENTO,0.5 KG,38,320,38,29/04/2019,PAGADO
OEI - PANAMA BILINGUE,10/04/2019,1851000270,PANAMA,USA (REST),DOCUMENTO,0.5 KG,38,351,38,04/06/2019,PAGADO
OEI - PANAMA BILINGUE,10/04/2019,1616007562,PANAMA,UNITED KINDOM,DOCUMENTO,0.5 KG,54,350,54,04/06/2019,PAGADO
OEI - PANAMA BILINGUE,16/04/2019,1102364664,PANAMA,USA (REST),DOCUMENTO,0.5 KG,54,364,54,04/06/2019,PAGADO
OEI - PANAMA BILINGUE,17/04/2019,6463617624,PANAMA,USA (REST),DOCUMENTO,0.5 KG,38,367,38,04/06/2019,PAGADO
OEI - PANAMA BILINGUE,24/04/2019,9645755291,PANAMA,USA (REST),DOCUMENTO,0.5 KG ,38,394,38,04/06/2019,PAGADO
OEI - PANAMA BILINGUE,24/04/2019,9645762372,PANAMA,USA (REST),DOCUMENTO,0.5 KG ,38,395,38,04/06/2019,PAGADO
OEI - PANAMA BILINGUE,25/04/2019,9864904394,PANAMA,USA (REST),DOCUMENTO,0.5 KG ,38,397,38,04/06/2019,PAGADO
OEI - PANAMA BILINGUE,17/05/2019,5973406574,PANAMA,USA (REST),DOCUMENTO,0.5 KG ,38,486,38,25/07/2019,PAGADO
OEI - PANAMA BILINGUE,23/05/2019,4920295726,PANAMA,USA (REST),DOCUMENTO,0.5 KG ,38,506,38,25/07/2019,PAGADO
OEI - PANAMA BILINGUE,06/08/2019,7344594176,PANAMA,REINO UNIDO,DOCUMENTOS,0.5 KG,54,767,,,PENDIENTE
OEI - PANAMA BILINGUE,19/10/2018,3100132206,CHILE,PANAMA,DOCUMENTO,0.5 KGS,48,30,48,,PENDIENTE
OFICA PANAMA,18/06/2019,3996418580,PANAMA,USA,PAQUETE,3 KG ,115,600,115,18/06/2019,PAGADO
OIM- ORG. INT. PARA LAS MIG ,15/03/2019,5392934035,SOUTH AFRICA,PANAMA,DOCUMENTO,0.3 KGS,85,312,85,25/03/2019,PAGADO
OIM- ORG. INT. PARA LAS MIG ,06/08/2019,7344825294,PANAMA,COSTA RICA,DOCUMENTOS,0.5 KG,36,769,,,PENDIENTE
OIM- ORG. INT. PARA LAS MIG ,08/08/2019,4548909470,PANAMA,VENEZUELA,PAQUETE,2.0 KG,187,779,,,PENDIENTE
OIM- ORG. INT. PARA LAS MIG ,08/08/2019,6969510192,PANAMA,VENEZUELA,PAQUETE,14.5 KG,317,780,,,PENDIENTE
OIM- ORG. INT. PARA LAS MIG ,08/08/2019,6969512863,PANAMA,VENEZUELA,PAQUETE,2.0 KG,187,781,,,PENDIENTE
OIM- ORG. INT. PARA LAS MIG ,08/08/2019,4548924203,PANAMA,VENEZUELA,PAQUETE,2.0 KG,187,783,,,PENDIENTE
OIM- ORG. INT. PARA LAS MIG ,08/08/2019,4548924435,PANAMA,VENEZUELA,PAQUETE,2.0 KG,187,784,,,PENDIENTE
OIM- ORG. INT. PARA LAS MIG ,08/08/2019,6969523400,PANAMA,VENEZUELA,PAQUETE,2.0 KG,187,785,,,PENDIENTE
OIM- ORG. INT. PARA LAS MIG ,08/08/2019,4548927191,PANAMA,VENEZUELA,PAQUETE,2.0 KG,187,786,,,PENDIENTE
OIM- ORG. INT. PARA LAS MIG ,08/08/2019,4548928661,PANAMA,VENEZUELA,PAQUETE,2.0 KG,187,787,,,PENDIENTE
OIM- ORG. INT. PARA LAS MIG ,08/08/2019,4548928742,PANAMA,VENEZUELA,PAQUETE,2.0 KG,187,788,,,PENDIENTE
PALMA & COMPANY,07/03/2019,2565989812,PANAMA,GUATEMALA,DOCUMENTO,0.5 KGS,34,273,34,22/03/2019,PAGADO
PANAGATE CORPORATION,16/01/2019,2926483081,PANAMA,MEXICO,PAQUETE,10.5 KG,247,160,247,11/03/2019,PAGADO
PANAGATE CORPORATION,18/01/2019,1523933843,PANAMA,MEXICO,PAQUETE,37 KG,485,167,485,12/02/2019,PAGADO
PANAGATE CORPORATION,29/07/2019,9478139495,PANAMA,JAPON,DOCUMENTOS,0.5 KG,58,730,58,20/08/2019,PAGADO
PANAGATE CORPORATION,25/06/2019,9106944593,PANAMA,JAPON,11 PAQUETE,209.5 KG,3300,624,3300,16/07/2019,PAGADO
PANAGATE CORPORATION,01/11/2018,1619503550,PANAMA,ECUADOR,DOCUMENTO,0.5 KGS,41,49,41,05/12/2018,PAGADO
PANAGATE CORPORATION,01/11/2018,1619499210,PANAMA,CHILE,PAQUETE,0.5 KGS,76,50,76,05/12/2018,PAGADO
PANAGATE CORPORATION,01/02/2019,6362166042,PANAMA,COLOMBIA,PAQUETE,30 KGS,374,209,374,12/02/2019,PAGADO
PANAGATE CORPORATION,01/02/2019,4051480672,PANAMA,TRINIDAD,PAQUETE,5 KG,177,211,177,12/02/2019,PAGADO
PANAGATE CORPORATION,25/02/2019,2534752220,PANAMA,MEXICO,PAQUETE,16.5 KGS,289,264,289,29/03/2019,PAGADO
PANAGATE CORPORATION,26/02/2019,1360393576,PANAMA,JAPON,DOCUMENTO,0.5 KGS,57,268,57,29/03/2019,PAGADO
PANAGATE CORPORATION,26/02/2019,R023778,PANAMA,CUBA,PAQUETE,5.5 KGS,239,257,239,11/03/2019,PAGADO
PANAGATE CORPORATION,12/04/2019,6557472703,PANAMA,EL SALVADOR,PAQUETE,2 KG,92,342,92,17/05/2019,PAGADO
PANAGATE CORPORATION,08/05/2019,5704768296,PANAMA,ESPA헤,PAQUETE,65 KG ,941,446,941,26/06/2019,PAGADO
PANAGATE CORPORATION,30/07/2019,4744904894,PANAMA,COLOMBIA,PAQUETE,31 KG,385,744,385,20/08/2019,PAGADO
PANAGATE CORPORATION,30/07/2019,4744961782,PANAMA,MEXICO,PAQUETE,12 KG,186,745,186,20/08/2019,PAGADO
PANAGATE CORPORATION,09/08/2019,3455233994,PANAMA,COSTA RICA,PAQUETE,15 KG,228,790,,,PENDIENTE
PANAGATE CORPORATION,12/08/2019,5028971452,PANAMA,COLOMBIA,PAQUETE,6.5 KG VOL,153,795,,,PENDIENTE
PANAGATE CORPORATION,14/08/2019,3319143096,PANAMA,PERU,PAQUETE,2.5 KG vol,131,806,,,PENDIENTE
PANAGLOBAL LOGISTICS SOLUTIONS,01/08/2019,2580830276,GERMANY,PANAMA,PAQUETE,12  KG,389,749,389,13/08/2019,PAGADO
PANAGLOBAL LOGISTICS SOLUTIONS,19/11/2018,7369188606,COLOMBIA,PANAMA,PAQUETE,4 KGS,109,77,109,21/11/2018,PAGADO
PANAGLOBAL LOGISTICS SOLUTIONS,07/01/2019,9299127375,COLOMBIA,PANAMA,PAQUETE,6 KGS,136,148,136,11/01/2019,PAGADO
PEDREGAL POWER COMPANY,20/03/2019,3797109890,ALEMANIA,PANAMA,PAQUETE,4 KG,181,301,181,12/04/2019,PAGADO
PEDREGAL POWER COMPANY,04/04/2019,9281343901,USA (REST),PANAMA,PAQUETE,3 KG,99,327,99,12/04/2019,PAGADO
PEDREGAL POWER COMPANY,12/04/2019,5382782462,PORTUGAL,PANAMA,PAQUETE,2 KGS,131,354,131,20/06/2019,PAGADO
PEDREGAL POWER COMPANY,17/05/2019,1160973752,ALEMANIA,PANAMA,PAQUETE,8 KG,276,474,276,12/06/2019,PAGADO
PEDREGAL POWER COMPANY,23/05/2019,5990160083,PORTUGAL,PANAMA,PAQUETE,10 KG ,322,498,322,12/06/2019,PAGADO
PETITE BOTTLING COMPANY,09/07/2019,4058393592,PANAMA,CHINA,PAQUETE,27 KG VOL,462,668,462,10/08/2019,PAGADO
PETITE BOTTLING COMPANY,08/10/2018,1402132631,CHINA,PANAMA,PAQUETE,36 KGS,798,,798,16/10/2018,PAGADO
PETITE BOTTLING COMPANY,22/10/2018,5789150415,PANAMA,CHINA,PAQUETE,0.2 KGS,77,34,77,15/11/2018,PAGADO
PETITE BOTTLING COMPANY,19/11/2018,7369182575,PANAMA,MEXICO,PAQUETE,5.5 KGS,151,78,151,27/11/2018,PAGADO
PETITE BOTTLING COMPANY,22/11/2018,1375774794,BRASIL,PANAMA,PAQUETE,21 KGS,358,85,358,27/11/2018,PAGADO
PETITE BOTTLING COMPANY,29/11/2018,1137252690,PANAMA,USA (REST),PAQUETE,1.6 KGS,104,90,104,17/12/2018,PAGADO
PETITE BOTTLING COMPANY,28/01/2019,6309371880,PANAMA,DOMINICANA,PAQUETE,7.5 KGS,163,202,163,19/02/2019,PAGADO
PETITE BOTTLING COMPANY,22/02/2019,2553462225,PANAMA,PERU,DOCUMENTO,0.5 KG,41,256,41,18/03/2019,PAGADO
PETITE BOTTLING COMPANY,03/04/2019,6089267726,BRASIL,PANAMA,PAQUETE,18 KGS,331,339,331,27/04/2019,PAGADO
PMA CERTIFICATION,01/11/2018,2079350873,PANAMA,CROACIA,DOCUMENTO,0.5 KGS,53,51,53,16/11/2018,PAGADO
PMA CERTIFICATION,23/11/2018,1015979134,PANAMA,ALEMANIA,DOCUMENTO,0.5 KGS,53,83,53,18/12/2018,PAGADO
PMA CERTIFICATION,28/12/2019,8504062674,PANAMA,MONTENEGRO,DOCUMENTO,0.5 KGS,53,134,138,23/01/2019,PAGADO
PMA CERTIFICATION,22/01/2019,6781496820,PANAMA,CROACIA,DOCUMENTO,0.5 KGS,54,170,54,25/02/2019,PAGADO
PMA CERTIFICATION,23/01/2019,3629400515,PANAMA,INDIA,DOCUMENTO,0.5 KGS,58,173,58,25/02/2019,PAGADO
PMA CERTIFICATION,26/02/2019,1141549161,PANAMA,ALEMANIA,DOCUMENTO,0.5 KG,53,263,53,29/03/2019,PAGADO
PMA CERTIFICATION,08/05/2019,1473884646,PANAMA,MEXICO,DOCUMENTO,0.5 KG ,42,445,42,30/05/2019,PAGADO
PMA CERTIFICATION,13/05/2019,3294583036,PANAMA,TRINIDAD,DOCUMENTO,0.5 KG ,42,460,42,30/05/2019,PAGADO
PMA CERTIFICATION,13/05/2019,3294585033,PANAMA,TRINIDAD,DOCUMENTO,0.5 KG ,42,461,42,30/05/2019,PAGADO
PMA CERTIFICATION,13/05/2019,3294592055,PANAMA,TRINIDAD,DOCUMENTO,0.5 KG ,42,462,42,30/05/2019,PAGADO
PMA CERTIFICATION,16/05/2019,2526149161,PANAMA,CROATIA,DOCUMENTO,0.5 KG ,54,476,54,30/05/2019,PAGADO
PMA CERTIFICATION,19/06/2019,1687027134,PANAMA,AUSTRALIA,DOCUMENTO,0.5 kg ,81,604,,,PENDIENTE
PMA CERTIFICATION,11/07/2019,5878543473,PANAMA,HOLANDA,DOCUMENTOS,0.5 KG,54,675,,,PENDIENTE
PMA CERTIFICATION,17/10/2018,3434585895,PANAMA,GREECE,DOCUMENTO,0.3 KGS,53,23,53,16/11/2018,PAGADO
PMA CERTIFICATION,25/10/2018,8187399452,PANAMA,TRINIDAD,DOCUMENTO,0.3 KGS,41,39,41,16/11/2018,PAGADO
PMA CERTIFICATION,16/11/2018,5302804301,PANAMA,TRINIDAD,DOCUMENTO,0.5 KGS,41,73,41,18/12/2018,PAGADO
PMA CERTIFICATION,16/11/2018,5302815630,PANAMA,TRINIDAD,DOCUMENTO,0.5 KGS,41,74,41,18/12/2018,PAGADO
PMA CERTIFICATION,17/07/2019,8121129100,PANAMA,MOSCOW,DOCUMENTOS,0.5 KG,58,696,,,PENDIENTE
PRESS CENTROAMERICA. S.A,08/04/2019,7727840831,PANAMA,SANTO DOMINGO,PAQUETE,1 KG,62,344,62,08/05/2019,PAGADO
PROCHILE,18/03/2019,6405519260,PANAMA,CHILE,DOCUMENTO,0.5 KG,47,297,47,27/03/2019,PAGADO
PROCHILE,05/04/2019,2662366630,PANAMA,CHILE,DOCUMENTO,0.5 KG,42,338,42,29/04/2019,PAGADO
PROCHILE,16/05/2019,1161020243,PANAMA,CHILE,DOCUMENTO,0.5 KG ,42,477,42,14/06/2019,PAGADO
PROCHILE,13/06/2019,1840644632,PANAMA,CHILE,DOCUMENTO,0.5 kg ,42,580,42,02/07/2019,PAGADO
PROCHILE,18/06/2019,3996457636,PANAMA,CHILE ,DOCUMENTO,0.5 KG ,42,602,42,02/07/2019,PAGADO
PROCHILE,19/07/2019,3822355762,PANAMA,CHILE,DOCUMENTOS,0.5 KG,45,706,45,02/08/2019,PAGADO
PROCHILE,16/08/2019,2721520001,PANAMA,CHILE,DOCUMENTOS,0.5 KG,42,822,,,PENDIENTE
PROCHILE ,29/07/2019,4046392103,CHILE,PANAMA,PAQUETE,60 KG,685,725,,,PENDIENTE
PTY12959F2S - 02 JB,07/12/2019,1ZE077R50355916720,MIAMI / USA,PANAMA,PO BOX,20 LBS,60,135,60,14/12/2019,PAGADO
PTY12959F2S - 02 JB,17/12/2019,TBAMIA510721756,MIAMI / USA,PANAMA,PO BOX,8 LBS,26,136,26,26/12/2019,PAGADO
QUANTIC VISION. S.A.,17/10/2018,3390383356,PUERTO RICO,PANAMA,DOCUMENTO,0.3 KGS,71,,71,24/10/2018,PAGADO
QUIRUMEDI. S.A.,14/12/2018,4025097403,PANAMA,CHINA,DOCUMENTO,0.5 KGS,57,118,57,30/01/2019,PAGADO
RADIO LLOYD. S.A.,02/07/2019,5116434551,PANAMA,NAMIBIA,DOCUMENTOS,0.5 KG,74,645,74,16/08/2019,PAGADO
RADIO LLOYD. S.A.,03/12/2018,8385599342,PANAMA,QATAR,DOCUMENTO,0.5 KGS,79,96,79,02/01/2019,PAGADO
RADIO LLOYD. S.A.,21/03/2019,5109969546,PANAMA,NIGERIA,DOCUMENTO,0.5 KG,73,305,73,26/04/2019,PAGADO
RADIO LLOYD. S.A.,26/03/2019,3805060976,PANAMA,LEBANON,DOCUMENTO,0.5 KG,80,316,80,26/04/2019,PAGADO
RADIO LLOYD. S.A.,22/05/2019,1636468223,PANAMA,NIGERIA,DOCUMENTO,0.5 KG ,74,495,74,18/07/2019,PAGADO
RAYMOND ROSARIO / IMP. RICAMAR,15/02/2019,3390483795,PANAMA,USA (REST),DOCUMENTO,0.5 KGS,34,238,34,19/02/2019,PAGADO
RAYMOND ROSARIO / IMP. RICAMAR,20/02/2019,4014186142,PANAMA,USA (REST),DOCUMENTO,0.5 KGS,34,249,34,21/03/2019,PAGADO
S&LT PANAMA / IMP NEMMESIS. S.A,12/10/2018,8294376716,ALEMANIA,PANAMA,PAQUETE,6 KGS,252,,252,18/10/2018,PAGADO
S&LT PANAMA / IMP NEMMESIS. S.A,01/03/2019,4230285231,ALEMANIA,PANAMA,PAQUETE,19.1 KGS,489,271,489,08/03/2019,PAGADO
S&LT PANAMA / IMP NEMMESIS. S.A,19/11/2018,5302834305,ALEMANIA,PANAMA,PAQUETE,2 KGS,144,75,144,26/11/2018,PAGADO
SEAVIEW CORPORATED,18/10/2018,2288827962,PANAMA,HAITI,DOCUMENTO,0.3 KGS,67,28,67,26/10/2018,PAGADO
SHENLING PANAMA. S.A,14/01/2019,4426484893,PANAMA,CHINA,PAQUETE,2 KG,138,156,138,01/02/2019,PAGADO
SHENLING PANAMA. S.A,18/10/2018,5976237761,COLON FREE ZONE,CARACAS,DOCUMENTO,0.3 KGS,70,25,70,09/11/2018,PAGADO
SHENLING PANAMA. S.A,23/10/2018,8211952626,PANAMA,CHINA,PAQUETE,0.4 KGS,107,36,107,09/11/2018,PAGADO
SHENLING PANAMA. S.A,16/10/2018,4214074911,COLON FREE ZONE,CHINA,PAQUETE,1.2 KGS,158,22,158,09/11/2018,PAGADO
SHENLING PANAMA. S.A,25/10/2018,6488562010,COLON FREE ZONE,CHINA,PAQUETE,1 KGS,122,41,122,09/11/2018,PAGADO
SHENLING PANAMA. S.A,30/04/2019,9508767483,COLON FREE ZONE,CHINA,PAQUETE,17 KG,340,418,340,30/05/2019,PAGADO
SHENLING PANAMA. S.A,15/07/2019,3877698344,PANAMA,CHINA,DOCUMENTOS,0.5 KG,58,689,54,31/07/2019,PAGADO
SHENLING PANAMA. S.A,31/07/2019,8316593644,PANAMA,VENEZUELA,DOCUMENTOS,0.5 KG,69,746,69,09/08/2019,PAGADO
SHENLING PANAMA. S.A,06/08/2019,1044723584,PANAMA,CHINA,PAQUETE,2.5 KG,165,770,,,PENDIENTE
SHENLING PANAMA. S.A,08/08/2019,4402553330,PANAMA,CHNA,PAQUETE,2.5 KG,151,775,,,PENDIENTE
SISA,15/01/2019,3202701611,FRANCIA,PANAMA,PAQUETE,2.5 KG,162,159,162,23/01/2019,PAGADO
SISA,10/04/2019,6268899280,ESPA헤,PANAMA,PAQUETE,3 KG,175,341,175,16/04/2019,PAGADO
SISA,25/04/2019,6522102171,AUSTRIA,PANAMA,PAQUETE,21 KG ,541,401,541,03/05/2019,PAGADO
SISA,10/06/2019,6884693852,ESPA헤,PANAMA,PAQUETE,7 KG ,352,561,352,03/07/2019,PAGADO
SOLVIJAYA INTERNATIONAL,14/11/2018,2719588443,COLON FREE ZONE,TAIWAN,PAQUETE,0.5 KGS,107,66,107,19/12/2018,PAGADO
TESLA ELECTRONIC / PNAGATE,11/12/2018,4756210303,PANAMA,TURQUIA,PAQUETE,2 KGS,141,112,141,16/01/2019,PAGADO
THOMAS PUMP PANAMA. S.A,09/07/2019,9402011883,PANAMA,CHINA,PAQUETE,1 KG ,112,665,112,06/08/2019,PAGADO
THOMAS PUMP PANAMA. S.A,04/02/2019,2101038391,PANAMA,FRANCIA,PAQUETE,0.5 KG,90,212,90,11/02/2019,PAGADO
THOMAS PUMP PANAMA. S.A,25/03/2019,8209521633,GUATEMALA,USA (REST),PAQUETE,1 KG,182,326,182,10/04/2019,PAGADO
THOMAS PUMP PANAMA. S.A,15/05/2019,3741236332,PANAMA,USA (REST),PAQUETE,2 KG ,96,471,96,05/06/2019,PAGADO
ULTRACEM S.A,06/08/2019,1044684572,PANAMA,COLOMBIA,PAQUETE,27 KG,315,768,,,PENDIENTE
ULTRACEM S.A,21/08/2019,1093498582,PANAMA,COLOMBIA,PAQUETE,20 KG ,258,824,,,PENDIENTE
ULTRACEM S.A,15/07/2019,3877673741,PANAMA,COLOMBIA,PAQUETE,30 KG,261,688,261,10/08/2019,PAGADO
ULTRACEM S.A,18/07/2019,8141880541,PANAMA,COLOMBIA,PAQUETE,25 KG,302,704,302,10/08/2019,PAGADO
ULTRACEM S.A,23/07/2019,1140243856,PANAMA,COLOMBIA,PAQUETE,18.5 KG,249,712,249,10/08/2019,PAGADO
ULTRACEM S.A,23/07/2019,5695962801,PANAMA,ESPA헤,PAQUETE,13 KG,267,713,267,10/08/2019,PAGADO
ULTRACEM S.A,29/07/2019,2389652602,PANAMA,COLOMBIA,PAQUETE,24.5 KG,311,732,,,PENDIENTE
ULTRACEM S.A,13/08/2019,TBAMIA513314721,MiAMI,PANAMA,PO BOX,74 LBS,222,762,,,PENDIENTE
VETERINARY HOSPITAL. S.A,11/06/2019,2164530126,PANAMA,USA ,PAQUETE,0.5 KG ,63,567,63,04/07/2019,PAGADO
VETERINARY HOSPITAL. S.A,17/06/2019,3079048884,PANAMA,USA,PAQUETE,0.5 KG ,63,597,63,04/07/2019,PAGADO
VETERINARY HOSPITAL. S.A,28/06/2019,1871567250,PANAMA,USA,PAQUETE,0.5 KG,63,641,63,25/07/2019,PAGADO
VETERINARY HOSPITAL. S.A,12/07/2019,5014605186,PANAMA,USA,PAQUETE,0.5 KG,63,684,63,29/07/2019,PAGADO
VETERINARY HOSPITAL. S.A,23/07/2019,1140113424,PANAMA,USA,PAQUETE,0.5 KG,63,710,63,06/08/2019,PAGADO
VETERINARY HOSPITAL. S.A,09/08/2019,6105261842,PANAMA,USA,PAQUETE,0.5 KG,63,791,,,PENDIENTE
VETERINARY HOSPITAL. S.A,15/08/2019,5736165330,PANAMA,USA,PAQUETE,1.0 KG,74,808,,,PENDIENTE
VETERINARY HOSPITAL. S.A,12/12/2018,7578505152,PANAMA,USA (REST),PAQUETE,0.5 KGS,64,114,64,28/12/2019,PAGADO
VETERINARY HOSPITAL. S.A,20/12/2018,4294117354,PANAMA,USA (REST),PAQUETE,0.5 KGS,64,128,64,28/12/2019,PAGADO
VETERINARY HOSPITAL. S.A,08/01/2019,5902358862,PANAMA,USA (REST),PAQUETE,0.5 KGS,63,151,63,01/02/2019,PAGADO
VETERINARY HOSPITAL. S.A,12/02/2019,4909210504,PANAMA,USA (REST),PAQUETE,0.5 KG,62,229,62,18/02/2019,PAGADO
VETERINARY HOSPITAL. S.A,05/04/2019,8585548156,PANAMA,USA (REST),PAQUETE,0.5 KG,63,337,63,11/04/2019,PAGADO
VETERINARY HOSPITAL. S.A,03/05/2019,7124789803,PANAMA,USA (REST),PAQUETE,0.5 KG ,63,434,63,13/05/2019,PAGADO
VETERINARY HOSPITAL. S.A,14/05/2019,4440943802,PANAMA,USA (REST),PAQUETE,0.5 KG ,63,466,63,10/06/2019,PAGADO
VETERINARY HOSPITAL. S.A,30/05/2019,4734497600,PANAMA,USA (REST),PAQUETE,0.5 KG ,63,532,63,10/06/2019,PAGADO
YOLEIDA ROMERO,19/07/2019,7159763940,PANAMA,USA,PAQUETE,1.5 KG,85,687,85,19/07/2019,PAGADO
